student,feedback,practice,timing,score
1,Rereading,Massed,One week later,4
2,Rereading,Massed,One week later,5
3,Rereading,Massed,One week later,7
4,Rereading,Massed,One week later,8
5,Rereading,Spaced,One week later,4
6,Rereading,Spaced,One week later,5
7,Rereading,Spaced,One week later,7
8,Rereading,Spaced,One week later,8
9,Answer feedback,Massed,One week later,6
10,Answer feedback,Massed,One week later,7
11,Answer feedback,Massed,One week later,9
12,Answer feedback,Massed,One week later,10
13,Answer feedback,Spaced,One week later,10
14,Answer feedback,Spaced,One week later,11
15,Answer feedback,Spaced,One week later,13
16,Answer feedback,Spaced,One week later,14
17,Explanatory feedback,Massed,One week later,8
18,Explanatory feedback,Massed,One week later,9
19,Explanatory feedback,Massed,One week later,11
20,Explanatory feedback,Massed,One week later,12
21,Explanatory feedback,Spaced,One week later,16
22,Explanatory feedback,Spaced,One week later,17
23,Explanatory feedback,Spaced,One week later,19
24,Explanatory feedback,Spaced,One week later,20
25,Rereading,Massed,Right after practice,7
26,Rereading,Massed,Right after practice,8
27,Rereading,Massed,Right after practice,10
28,Rereading,Massed,Right after practice,11
29,Rereading,Spaced,Right after practice,9
30,Rereading,Spaced,Right after practice,10
31,Rereading,Spaced,Right after practice,12
32,Rereading,Spaced,Right after practice,13
33,Answer feedback,Massed,Right after practice,10
34,Answer feedback,Massed,Right after practice,11
35,Answer feedback,Massed,Right after practice,13
36,Answer feedback,Massed,Right after practice,14
37,Answer feedback,Spaced,Right after practice,12
38,Answer feedback,Spaced,Right after practice,13
39,Answer feedback,Spaced,Right after practice,15
40,Answer feedback,Spaced,Right after practice,16
41,Explanatory feedback,Massed,Right after practice,14
42,Explanatory feedback,Massed,Right after practice,15
43,Explanatory feedback,Massed,Right after practice,17
44,Explanatory feedback,Massed,Right after practice,18
45,Explanatory feedback,Spaced,Right after practice,16
46,Explanatory feedback,Spaced,Right after practice,17
47,Explanatory feedback,Spaced,Right after practice,19
48,Explanatory feedback,Spaced,Right after practice,20
