"family","father","son"
"001",78.5,73.2
"002",75.5,73.5
"003",75,71
"004",75,68.5
"005",75,69
"007",74,76.5
"011",74,74
"013",73,71
"014",73,67
"015",73,70.5
"016",73,70.2
"017",73,73
"020",72.7,72.7
"021",72,73
"022",72,71
"023",72,74.2
"026",72,69
"027",72,67
"028",72,67
"031",72.5,71
"032",72,72
"033",72,70
"035",71,73
"036",71,73.2
"037",71,70
"038",71,70
"039",71,71
"040",71,66
"041",71.7,70.5
"042",71,71
"043",71.5,73
"044",71.5,67.7
"045",71,68
"047",71.7,71
"048",71,68
"049",71.5,72
"050",71,73
"052",71,71
"053",71,64
"054",71,70
"055",71,70
"056",71,72
"057",71,70
"058",71,69
"060",71,71.5
"061",70,69
"062",70,70
"063",70,75
"064",70,69
"066",70,72
"067",70.5,69
"069",70,70.5
"070",70,67
"071",70,70
"072",70,71
"073",70,73
"074",70,69
"075",70,68.7
"076",70,70.7
"077",70,66.7
"078",70,70
"079",70.5,69.5
"081",70,68
"082",70,70
"083",70,70
"084",70.5,68.5
"085",70.5,67
"086",70,71
"087",70,67
"088",70,70
"089",70.5,70
"090",70.3,69.2
"091",70.5,72
"092",70,71.2
"093",70,67
"095",70,64.5
"096",70,72
"097",69,71
"099",69,73
"100",69,70
"101",69,75
"102",69,68
"103",69,70.5
"104",69.5,70.5
"105",69,71
"106",69.5,71
"107",69,69
"108",69,68.5
"109",69.5,60
"110",69.2,71.7
"112",69,69
"113",69,72
"114",69,70
"115",69,67
"116",69,70.5
"118",69.5,73
"119",69,69
"120",69.5,72
"121",69,70
"122",69,68
"123",69.5,69.5
"124",69,68
"125",69,70.5
"126",69,66
"127",69,69.5
"128",68.7,71
"129",68.5,73
"130",68.5,70
"131",68,67.5
"132",68,66
"133",68,71.7
"134",68,72
"135",68.5,68
"136",68,68
"136A",68.5,72
"137",68,63
"138",68,68.5
"140",68,67
"141",68,66
"142",68.5,69.5
"143",68,67
"144",68,68
"145",68,65.5
"146",68,66
"147",68.5,68.2
"148",68,70
"149",68.2,67
"150",68,68.5
"151",68.7,67.7
"152",68,66.5
"153",68,68.5
"154",68,66.7
"155",68,64
"156",68,67
"157",68.5,69
"158",68,64
"159",67,72.7
"160",67,71
"161",67,69
"162",67,67.5
"163",67,70
"164",67,70
"165",67,65
"166",67.5,69
"167",67,67
"168",67,65.5
"169",67,69
"170",67.5,68.5
"171",67,67
"172",66,70.5
"173",66,65
"174",66,65
"175",66,72
"176",66.5,64.5
"177",66,72
"178",66,70
"180",66.5,67.2
"181",66.5,70
"182",66,70
"183",66,67
"184",66,65
"185",66,67
"186",65,66.5
"188",65,63
"189",65,66
"190",65,68
"191",65,70.7
"192",65,69
"193",65,67
"194",65,70
"195",65,66
"196",65.5,69
"197",65.5,68
"198",64,71.5
"199",64,70.5
"200",64,64.5
"201",64,66
"203",62,64
"204",62.5,66.5
