"recorded_outcome","admission_grade","age"
"Dropout",127.3,20
"Graduate",142.5,19
"Dropout",124.8,19
"Graduate",119.6,20
"Graduate",141.5,45
"Graduate",114.8,50
"Graduate",128.4,18
"Dropout",113.1,22
"Graduate",129.3,21
"Dropout",123,18
"Graduate",130.6,18
"Graduate",119.3,18
"Dropout",130.2,19
"Graduate",111.8,21
"Graduate",137.1,18
"Dropout",120.7,20
"Enrolled",137.4,18
"Graduate",127.3,18
"Graduate",136.3,20
"Enrolled",124.6,18
"Graduate",120.3,21
"Enrolled",121.8,20
"Graduate",125.5,18
"Graduate",114.9,19
"Graduate",123.9,19
"Enrolled",157,18
"Graduate",116.4,21
"Enrolled",131,18
"Graduate",122.1,20
"Enrolled",118.8,19
"Enrolled",150,21
"Graduate",130,20
"Enrolled",138.8,18
"Graduate",134.5,19
"Graduate",131.4,34
"Dropout",102.5,37
"Dropout",128.8,43
"Dropout",122.9,55
"Graduate",113.9,39
"Dropout",120,20
"Dropout",121.1,18
"Graduate",120.4,22
"Graduate",100.6,22
"Dropout",121.4,20
"Dropout",109.7,29
"Enrolled",134.1,24
"Graduate",127.6,18
"Graduate",132.4,22
"Graduate",133.4,21
"Graduate",126.1,19
"Graduate",113.5,24
"Enrolled",121.3,19
"Enrolled",121.8,20
"Graduate",159.3,19
"Dropout",120,27
"Graduate",129.1,18
"Dropout",130,39
"Dropout",155.3,27
"Graduate",139.8,18
"Enrolled",115.2,18
"Graduate",114.9,18
"Graduate",131.9,21
"Enrolled",126,19
"Enrolled",130.2,19
"Enrolled",120.9,24
"Dropout",126,29
"Graduate",128.2,19
"Graduate",130,23
"Dropout",120.1,19
"Enrolled",100,26
"Enrolled",134,18
"Graduate",130.8,24
"Dropout",135.8,19
"Dropout",111.7,18
"Graduate",132.9,18
"Dropout",115.5,18
"Dropout",106,21
"Graduate",120.3,19
"Graduate",130.8,22
"Graduate",117,33
"Dropout",110.2,20
"Dropout",155.7,35
"Dropout",180.4,24
"Enrolled",125.5,18
"Graduate",110,33
"Graduate",161,22
"Graduate",100,25
"Graduate",117.6,20
"Enrolled",128.7,23
"Enrolled",112.2,18
"Dropout",100.8,24
"Graduate",105,21
"Dropout",100,26
"Dropout",115.5,39
"Graduate",114,44
"Enrolled",137,19
"Graduate",124.9,18
"Graduate",120.3,18
"Enrolled",134.3,19
"Dropout",111.5,19
"Dropout",128.8,21
"Graduate",110,20
"Dropout",113.5,36
"Graduate",160,43
"Dropout",117.4,19
"Graduate",122.2,20
"Dropout",118.2,19
"Dropout",106.7,20
"Dropout",108.2,20
"Enrolled",107,20
"Graduate",136.1,18
"Enrolled",115.3,18
"Graduate",139.8,19
"Graduate",157,18
"Dropout",131,18
"Enrolled",100,20
"Enrolled",140.4,20
"Enrolled",113.4,20
"Graduate",137,18
"Graduate",121.8,18
"Dropout",131,21
"Graduate",118.6,19
"Dropout",122.3,19
"Graduate",127.9,19
"Graduate",121.3,19
"Dropout",117.1,19
"Graduate",160,20
"Enrolled",145.3,18
"Graduate",122.6,18
"Graduate",128,19
"Dropout",124.9,18
"Graduate",123.7,18
"Graduate",120.1,19
"Dropout",131.7,19
"Graduate",133.2,20
"Dropout",109.3,19
"Graduate",113,20
"Graduate",157.9,18
"Enrolled",112.1,20
"Graduate",174.7,18
"Graduate",128.8,19
"Graduate",110.1,19
"Enrolled",99.7,22
"Graduate",121,19
"Graduate",131.7,19
"Graduate",119.1,19
"Dropout",124.7,19
"Dropout",117.2,20
"Graduate",128.8,18
"Graduate",131.5,20
"Enrolled",121.7,18
"Graduate",123.4,19
"Enrolled",124.7,18
"Graduate",132.8,18
"Dropout",108.7,21
"Dropout",138.1,19
"Graduate",126.5,18
"Graduate",127.4,18
"Graduate",123.6,20
"Graduate",122,24
"Dropout",118.2,19
"Graduate",123.9,18
"Graduate",125.8,18
"Dropout",123.3,21
"Graduate",124.4,19
"Graduate",126,19
"Enrolled",170,47
"Graduate",121.5,19
"Graduate",130,29
"Dropout",117,21
"Enrolled",130,28
"Graduate",108,20
"Graduate",132.3,19
"Graduate",148,26
"Dropout",122.6,20
"Enrolled",123,18
"Graduate",102.5,27
"Dropout",113.3,20
"Dropout",133,18
"Dropout",140,33
"Graduate",128.3,35
"Enrolled",140,26
"Dropout",104,27
"Dropout",122.3,19
"Dropout",135,20
"Dropout",119.1,20
"Enrolled",126.6,21
"Graduate",129,18
"Dropout",162.3,24
"Graduate",163.4,20
"Graduate",121.5,21
"Enrolled",122.8,23
"Dropout",118,24
"Dropout",134,21
"Graduate",129.8,18
"Dropout",152,27
"Graduate",122.8,18
"Dropout",150,35
"Graduate",131.8,18
"Enrolled",105.9,35
"Graduate",132.1,19
"Graduate",127.4,20
"Graduate",129.5,18
"Graduate",126.7,21
"Graduate",116.5,18
"Graduate",119.1,18
"Graduate",126.5,18
"Graduate",149.8,18
"Graduate",115.1,19
"Dropout",124.5,36
"Graduate",128.3,18
"Graduate",136,18
"Graduate",140,20
"Dropout",126.3,26
"Graduate",126.9,21
"Enrolled",145,25
"Graduate",115.8,19
"Dropout",100,24
"Dropout",102.5,27
"Dropout",131.5,21
"Graduate",147,18
"Graduate",122.5,19
"Dropout",117.5,18
"Graduate",150,19
"Graduate",127.5,19
"Graduate",140,33
"Graduate",130,45
"Graduate",133.3,20
"Dropout",97,28
"Graduate",112,19
"Graduate",123.6,18
"Dropout",130.5,38
"Graduate",133.3,19
"Graduate",132.1,21
"Dropout",100,21
"Graduate",140.4,22
"Graduate",141.7,18
"Graduate",119.7,18
"Dropout",122.5,25
"Dropout",140,24
"Enrolled",119.4,19
"Enrolled",155,24
"Graduate",119.1,20
"Dropout",122.7,25
"Graduate",117.9,20
"Graduate",130,23
"Graduate",120,19
"Dropout",130,29
"Graduate",116.8,21
"Graduate",123.4,18
"Enrolled",125.4,19
"Dropout",127.2,18
"Graduate",103.4,19
"Enrolled",123.2,18
"Graduate",124.1,18
"Dropout",99.5,37
"Graduate",124.9,29
"Enrolled",110.8,18
"Graduate",118.9,19
"Dropout",118.8,22
"Graduate",137,20
"Dropout",100,34
"Dropout",120,30
"Graduate",122.8,18
"Graduate",121.6,18
"Graduate",149.2,18
"Graduate",140,18
"Graduate",133.4,19
"Graduate",126.2,19
"Graduate",127.8,18
"Graduate",150,21
"Dropout",113.7,20
"Graduate",117.8,20
"Graduate",136.7,19
"Graduate",144.7,20
"Graduate",139.8,18
"Dropout",113.7,20
"Dropout",140,29
"Enrolled",142.3,18
"Graduate",119.6,20
"Graduate",123.7,22
"Graduate",143,47
"Graduate",100.1,31
"Graduate",119.4,21
"Graduate",122.1,21
"Graduate",100,24
"Enrolled",113.9,18
"Graduate",101,32
"Graduate",111.8,19
"Graduate",140,24
"Graduate",124.4,19
"Graduate",150,19
"Enrolled",140,24
"Graduate",116,18
"Dropout",135.6,19
"Graduate",121,19
"Graduate",118.7,18
"Graduate",125.7,18
"Graduate",107.1,20
"Graduate",125.5,18
"Graduate",127,18
"Graduate",113.5,21
"Graduate",154.4,18
"Dropout",122,18
"Dropout",128,19
"Enrolled",115.5,19
"Graduate",117.2,18
"Dropout",150,34
"Graduate",155.3,19
"Dropout",120,19
"Graduate",116.1,26
"Dropout",118.9,21
"Graduate",127.3,18
"Graduate",113.7,20
"Dropout",118.5,25
"Graduate",146.7,18
"Graduate",124.3,18
"Graduate",137.8,19
"Graduate",130.2,18
"Enrolled",147.8,20
"Dropout",150,26
"Graduate",100,19
"Graduate",155.6,19
"Graduate",117.4,19
"Enrolled",128.8,19
"Graduate",117.5,18
"Graduate",120.4,19
"Graduate",130.9,18
"Enrolled",125,18
"Enrolled",136.8,18
"Enrolled",121.6,18
"Dropout",151,26
"Graduate",103.5,20
"Graduate",119.4,19
"Graduate",134.4,18
"Graduate",143,19
"Graduate",110,40
"Graduate",132.5,18
"Graduate",114.7,19
"Graduate",166.9,18
"Enrolled",125.9,19
"Dropout",178.3,18
"Graduate",117,33
"Graduate",150,35
"Enrolled",130,26
"Graduate",135.1,18
"Enrolled",110,36
"Graduate",136.2,39
"Graduate",116,44
"Enrolled",100,20
"Dropout",116.3,24
"Graduate",134,20
"Dropout",124.2,19
"Graduate",134.5,18
"Dropout",120.7,22
"Graduate",127.1,18
"Graduate",133,24
"Dropout",128.2,33
"Enrolled",130,30
"Dropout",172,26
"Graduate",128.5,18
"Dropout",128.5,19
"Enrolled",112,20
"Graduate",142.5,22
"Enrolled",133,19
"Graduate",106,21
"Graduate",125.5,21
"Enrolled",131.2,19
"Graduate",112.9,19
"Dropout",124.8,18
"Graduate",140.9,50
"Enrolled",148,31
"Graduate",148.4,19
"Graduate",129.7,35
"Dropout",128.2,31
"Enrolled",104,42
"Dropout",119.9,34
"Graduate",141,18
"Enrolled",116.6,18
"Enrolled",140,21
"Dropout",140,26
"Enrolled",100,20
"Enrolled",121,19
"Graduate",117,19
"Graduate",140.2,20
"Graduate",129.3,19
"Graduate",145.3,18
"Graduate",146.2,28
"Enrolled",122.5,22
"Graduate",156.1,21
"Enrolled",140,21
"Enrolled",140,26
"Dropout",128.4,18
"Dropout",115,20
"Graduate",158.7,18
"Graduate",124.5,19
"Graduate",111.9,20
"Graduate",150,22
"Dropout",114.2,18
"Dropout",96,19
"Enrolled",128.9,18
"Enrolled",121.7,20
"Enrolled",114.8,19
"Enrolled",127,19
"Graduate",131.3,19
"Graduate",137.1,18
"Graduate",120,21
"Graduate",139,27
"Graduate",129.1,19
"Dropout",128.2,25
"Graduate",120.8,18
"Graduate",135.8,24
"Graduate",118.9,20
"Graduate",140,26
"Graduate",127.1,20
"Graduate",137,18
"Graduate",127.4,19
"Dropout",97,23
"Graduate",126.3,18
"Dropout",127.5,18
"Graduate",126.6,19
"Graduate",120,30
"Dropout",140,29
"Graduate",131.5,19
"Graduate",112.2,20
"Graduate",150.5,20
"Graduate",121,19
"Enrolled",112.2,20
"Dropout",129.4,21
"Graduate",114.4,19
"Graduate",120.3,18
"Graduate",120,27
"Graduate",114.5,19
"Dropout",127.8,19
"Graduate",124.6,19
"Graduate",130.3,18
"Enrolled",118.2,20
"Graduate",118.8,18
"Dropout",133,19
"Graduate",129,36
"Enrolled",100,18
"Enrolled",120.7,18
"Graduate",132.5,19
"Graduate",120.3,18
"Graduate",114.6,18
"Graduate",116.5,19
"Graduate",127.8,19
"Dropout",129.9,18
"Graduate",118.9,20
"Enrolled",114.3,20
"Graduate",114.8,20
"Graduate",123,18
"Graduate",122.1,18
"Graduate",123.7,19
"Enrolled",132.4,19
"Graduate",114.8,44
"Dropout",130,32
"Dropout",122.3,22
"Graduate",152.4,36
"Graduate",120.1,18
"Graduate",155.1,20
"Graduate",124.5,20
"Graduate",126.9,19
"Graduate",153.2,24
"Enrolled",129.8,20
"Dropout",135,27
"Enrolled",131.3,20
"Graduate",125.2,23
"Graduate",141.3,18
"Graduate",117.1,18
"Graduate",126.5,20
"Graduate",120.1,20
"Dropout",128.4,23
"Graduate",140,20
"Dropout",110,28
"Graduate",116.8,21
"Dropout",104.5,21
"Dropout",140,28
"Graduate",113.2,18
"Enrolled",118.6,21
"Graduate",123.8,19
"Graduate",126.7,18
"Dropout",133.8,19
"Enrolled",140,20
"Graduate",100.6,20
"Graduate",132.7,18
"Dropout",106.6,20
"Dropout",140.4,31
"Graduate",128.3,19
"Graduate",118.6,19
"Graduate",123.4,23
"Graduate",124,19
"Graduate",121.3,20
"Enrolled",101,22
"Enrolled",116.9,18
"Dropout",130,27
"Dropout",120,29
"Graduate",130.4,18
"Graduate",118.7,18
"Graduate",131.5,18
"Enrolled",120.4,20
"Graduate",129.1,18
"Enrolled",132,18
"Dropout",130,28
"Graduate",132.8,18
"Enrolled",143.7,27
"Enrolled",152.8,26
"Graduate",133.5,18
"Dropout",146.2,18
"Dropout",115.2,21
"Enrolled",120.7,18
"Dropout",101.8,32
"Graduate",100,28
"Dropout",121.9,40
"Dropout",120.4,39
"Dropout",120.4,39
"Graduate",148.8,50
"Dropout",123,23
"Dropout",100,48
"Dropout",112.1,23
"Graduate",126.8,18
"Graduate",115.9,18
"Graduate",132.5,20
"Graduate",132.2,18
"Dropout",183.5,18
"Dropout",136,31
"Enrolled",100.9,24
"Graduate",114.5,24
"Dropout",110.3,26
"Dropout",137.2,18
"Enrolled",116.9,19
"Dropout",121.8,22
"Graduate",127.3,18
"Dropout",120,20
"Graduate",150,25
"Graduate",100,24
"Dropout",150,27
"Graduate",116.9,21
"Graduate",140,21
"Dropout",122.1,19
"Graduate",160,28
"Enrolled",118.4,20
"Graduate",150,21
"Graduate",144.9,18
"Enrolled",121.1,18
"Enrolled",121.8,20
"Enrolled",146.8,25
"Enrolled",138,22
"Enrolled",138,18
"Graduate",116.3,19
"Dropout",122.5,19
"Dropout",115,25
"Dropout",115,21
"Dropout",119.8,19
"Dropout",95,20
"Dropout",150,25
"Enrolled",117.8,20
"Graduate",144.2,18
"Enrolled",130,23
"Graduate",128.2,23
"Graduate",135.3,21
"Enrolled",143.9,20
"Dropout",140.7,25
"Graduate",130.4,18
"Graduate",123.2,22
"Graduate",118,27
"Dropout",120,25
"Dropout",118.9,18
"Graduate",117.2,20
"Graduate",120,27
"Graduate",118.1,20
"Dropout",124.8,22
"Dropout",106.5,19
"Enrolled",116.8,20
"Graduate",109.3,19
"Dropout",120,29
"Graduate",137.5,19
"Enrolled",150,28
"Graduate",120.4,20
"Graduate",136.7,20
"Dropout",118.5,31
"Graduate",133,18
"Enrolled",128.8,19
"Graduate",133,18
"Graduate",102,19
"Graduate",133.9,18
"Graduate",127,19
"Graduate",120.4,18
"Graduate",124.5,19
"Graduate",123.9,19
"Graduate",117.8,18
"Enrolled",126.7,19
"Graduate",110,20
"Enrolled",134.7,20
"Enrolled",113.2,20
"Dropout",141,29
"Dropout",111.5,20
"Dropout",140,31
"Graduate",134.3,20
"Graduate",125.3,21
"Dropout",140,23
"Dropout",119.6,21
"Graduate",170,24
"Graduate",150.5,27
"Graduate",128,18
"Dropout",108.7,21
"Dropout",121.6,19
"Graduate",125.3,19
"Dropout",117.6,18
"Enrolled",124.3,18
"Graduate",106.1,20
"Graduate",139.9,24
"Graduate",110.8,20
"Enrolled",118,20
"Graduate",117.8,19
"Graduate",127.5,18
"Graduate",129.7,20
"Graduate",130.6,20
"Graduate",126.3,19
"Enrolled",140,19
"Graduate",105,20
"Dropout",114.6,19
"Dropout",114.6,19
"Graduate",131,18
"Dropout",109,23
"Dropout",132,21
"Graduate",130,23
"Graduate",109.5,19
"Graduate",115.9,18
"Graduate",131.6,19
"Graduate",120,25
"Enrolled",109.7,19
"Graduate",136.4,19
"Graduate",120,24
"Graduate",132.6,18
"Graduate",112.9,19
"Graduate",134.3,18
"Enrolled",123.2,27
"Graduate",117.2,19
"Dropout",129.8,18
"Dropout",158,34
"Enrolled",116.5,18
"Enrolled",121,18
"Enrolled",133.8,18
"Dropout",115,20
"Enrolled",131.8,19
"Enrolled",121,21
"Graduate",152.4,26
"Graduate",110.2,27
"Graduate",113.5,20
"Graduate",144.4,18
"Enrolled",143.3,23
"Graduate",100,24
"Graduate",126.3,19
"Graduate",115.9,19
"Enrolled",114.9,19
"Enrolled",121,18
"Graduate",112.3,22
"Graduate",127,20
"Dropout",120,25
"Graduate",180,21
"Enrolled",117.4,19
"Graduate",115.8,18
"Graduate",136.5,18
"Graduate",129,19
"Graduate",137.6,19
"Dropout",129.5,18
"Graduate",129.1,20
"Dropout",130.2,19
"Graduate",134.3,28
"Graduate",138.4,20
"Dropout",120,30
"Graduate",123.5,19
"Graduate",116.1,22
"Graduate",110.8,18
"Dropout",142.8,23
"Graduate",155.5,18
"Enrolled",126.7,18
"Dropout",163.5,50
"Graduate",161.9,19
"Graduate",123.3,22
"Graduate",137.5,23
"Dropout",166.6,20
"Dropout",103.5,44
"Graduate",110,49
"Graduate",128.2,46
"Dropout",137.7,41
"Graduate",128.8,18
"Graduate",170,43
"Dropout",116.4,70
"Dropout",100.9,48
"Graduate",136,41
"Enrolled",130,21
"Dropout",100,35
"Graduate",157,44
"Dropout",152.1,18
"Graduate",162.9,45
"Enrolled",137.2,20
"Graduate",140,22
"Dropout",146.5,39
"Enrolled",130,20
"Dropout",128,49
"Dropout",190,43
"Dropout",133.2,32
"Graduate",124.3,47
"Dropout",138.1,37
"Graduate",144.3,41
"Graduate",140,60
"Graduate",148.3,47
"Dropout",96,50
"Dropout",121.7,45
"Dropout",160,45
"Graduate",110.3,33
"Graduate",129,18
"Graduate",150,43
"Graduate",100,44
"Dropout",107.5,29
"Dropout",170,53
"Enrolled",123,37
"Enrolled",138.5,18
"Dropout",140,35
"Enrolled",113.6,23
"Graduate",170,22
"Dropout",115.5,33
"Dropout",130,41
"Graduate",140,51
"Graduate",126.6,19
"Dropout",143.2,35
"Graduate",131.4,20
"Enrolled",133.3,18
"Dropout",118.3,18
"Graduate",140,21
"Graduate",124.7,21
"Graduate",140,34
"Dropout",150,34
"Graduate",115.6,21
"Enrolled",116.9,32
"Dropout",123.4,30
"Enrolled",146.5,19
"Dropout",117.1,20
"Dropout",113.9,18
"Graduate",128.7,19
"Dropout",132.9,18
"Dropout",123,27
"Graduate",129.8,52
"Dropout",156.1,29
"Dropout",120,22
"Graduate",117.2,28
"Dropout",107,30
"Graduate",128.4,18
"Graduate",123.4,21
"Graduate",126.7,20
"Graduate",123,21
"Dropout",137.2,32
"Graduate",125.9,20
"Dropout",138,19
"Dropout",128.2,18
"Dropout",126.5,23
"Graduate",112.4,20
"Graduate",109,46
"Graduate",100,27
"Enrolled",144.7,20
"Graduate",120,41
"Enrolled",100,40
"Graduate",154,37
"Enrolled",111.3,20
"Enrolled",150,20
"Graduate",100,26
"Graduate",162.5,54
"Graduate",134.1,21
"Graduate",133,20
"Dropout",119,18
"Enrolled",131.1,19
"Graduate",129.4,18
"Enrolled",123.9,19
"Dropout",140,22
"Graduate",162,19
"Dropout",131.6,21
"Enrolled",110.6,20
"Graduate",117.4,18
"Graduate",137.8,18
"Dropout",106.7,20
"Graduate",156.9,18
"Enrolled",129,18
"Graduate",124.8,20
"Graduate",115.1,19
"Graduate",146.7,18
"Graduate",132.8,18
"Dropout",159.1,18
"Graduate",137.6,20
"Graduate",124,19
"Dropout",149,36
"Graduate",129.6,19
"Graduate",110,18
"Graduate",116.1,18
"Graduate",133.3,18
"Graduate",144.3,19
"Graduate",133.6,18
"Graduate",123.2,19
"Enrolled",137.2,18
"Enrolled",130,22
"Dropout",110,18
"Graduate",118,19
"Graduate",128.4,18
"Graduate",113.6,19
"Enrolled",113.5,20
"Graduate",146.9,18
"Enrolled",141.3,23
"Dropout",129.7,20
"Enrolled",121.3,20
"Dropout",109.1,22
"Graduate",107.1,18
"Graduate",129.2,18
"Graduate",154.1,18
"Graduate",147.2,18
"Enrolled",120,21
"Enrolled",130.8,20
"Graduate",120.8,18
"Enrolled",125.4,20
"Graduate",121.3,25
"Graduate",127,18
"Graduate",151.6,19
"Enrolled",131.6,20
"Graduate",106,20
"Graduate",111.6,21
"Graduate",117.3,18
"Dropout",121.4,18
"Graduate",126.1,18
"Graduate",137,18
"Dropout",120.8,19
"Dropout",128.7,20
"Dropout",118,47
"Enrolled",120,21
"Dropout",160,31
"Dropout",150,46
"Enrolled",121.8,18
"Dropout",125.4,19
"Enrolled",126.6,23
"Dropout",150,22
"Graduate",114.5,19
"Dropout",107,19
"Enrolled",115.7,22
"Dropout",120,29
"Graduate",134.8,18
"Graduate",133.6,18
"Dropout",129,23
"Graduate",128.4,34
"Graduate",122.2,19
"Enrolled",113.3,18
"Graduate",129.9,20
"Graduate",126.2,19
"Enrolled",112.6,22
"Graduate",149,23
"Graduate",120,34
"Enrolled",120.4,18
"Dropout",128.1,21
"Dropout",141.7,22
"Dropout",130,28
"Dropout",113.3,23
"Dropout",105.9,20
"Dropout",122.7,18
"Dropout",120,28
"Dropout",119.8,21
"Dropout",122.9,25
"Dropout",160,19
"Graduate",125.2,18
"Dropout",143.4,29
"Dropout",96.7,29
"Graduate",126.9,20
"Graduate",143.1,18
"Graduate",114.5,20
"Dropout",140,33
"Graduate",113.7,30
"Enrolled",131.5,21
"Graduate",143.5,18
"Graduate",126.8,19
"Dropout",115.2,21
"Dropout",100,25
"Graduate",121.4,19
"Dropout",120,23
"Graduate",129.9,19
"Graduate",151.1,19
"Dropout",120,31
"Dropout",130,32
"Graduate",119,19
"Graduate",122,34
"Graduate",129.7,21
"Graduate",112.5,53
"Graduate",136,19
"Graduate",133.1,20
"Graduate",151.3,18
"Dropout",133.3,32
"Graduate",130.8,21
"Dropout",140,26
"Graduate",150,26
"Dropout",130,21
"Graduate",125.3,18
"Graduate",124,21
"Enrolled",113.8,21
"Graduate",124.4,19
"Dropout",107.7,19
"Graduate",110,19
"Graduate",130,27
"Graduate",138.8,18
"Dropout",126.3,20
"Graduate",114.5,19
"Dropout",116.5,20
"Graduate",128.6,19
"Enrolled",130,20
"Dropout",134.6,20
"Graduate",146.8,18
"Graduate",135.7,20
"Dropout",120,38
"Graduate",138,42
"Dropout",135.5,32
"Graduate",120,22
"Dropout",111.7,28
"Dropout",100,37
"Graduate",160,43
"Graduate",114.8,41
"Graduate",131,29
"Graduate",97,35
"Dropout",131.7,18
"Dropout",120,39
"Enrolled",110,37
"Graduate",133,26
"Dropout",140,32
"Enrolled",100,37
"Enrolled",129.3,28
"Dropout",137,19
"Enrolled",122.2,18
"Graduate",108,19
"Graduate",110,32
"Dropout",127.7,31
"Enrolled",121.3,34
"Graduate",140.1,20
"Dropout",114.8,28
"Enrolled",150,31
"Enrolled",131.7,18
"Dropout",110,31
"Graduate",105.5,19
"Graduate",127.3,19
"Enrolled",130,31
"Dropout",130,34
"Graduate",122.7,18
"Graduate",113.9,18
"Graduate",151.1,19
"Dropout",125.8,22
"Graduate",128.2,32
"Dropout",135.1,61
"Graduate",120.2,30
"Dropout",132.8,45
"Graduate",140,20
"Dropout",129.3,19
"Dropout",108.2,26
"Dropout",125.4,19
"Graduate",140.2,19
"Graduate",116.1,19
"Graduate",137.8,19
"Dropout",128.4,19
"Dropout",106,28
"Graduate",130.2,24
"Graduate",126,18
"Enrolled",141,18
"Graduate",113,18
"Graduate",120,21
"Dropout",130.9,28
"Dropout",120,58
"Dropout",134.1,49
"Enrolled",120,24
"Graduate",114.8,25
"Dropout",123,33
"Dropout",118,33
"Graduate",100,40
"Graduate",151.1,48
"Enrolled",116.9,18
"Graduate",106,24
"Graduate",127.1,23
"Dropout",155.5,39
"Graduate",101,21
"Dropout",128.2,34
"Enrolled",113,41
"Graduate",122.8,18
"Enrolled",145.6,34
"Dropout",116.5,19
"Graduate",142,19
"Graduate",150,28
"Dropout",133.3,18
"Dropout",115.8,19
"Dropout",100,19
"Graduate",128.6,18
"Graduate",137.1,18
"Dropout",149,18
"Graduate",147,19
"Graduate",150,31
"Graduate",103.5,33
"Enrolled",107.8,20
"Enrolled",130,22
"Graduate",109.4,19
"Dropout",143.6,18
"Dropout",124.3,18
"Dropout",119.5,18
"Graduate",175.6,18
"Graduate",116.1,19
"Dropout",126.6,18
"Graduate",130.8,18
"Graduate",133.5,18
"Graduate",136.9,21
"Graduate",142.3,18
"Graduate",114.3,18
"Graduate",122.9,18
"Graduate",117.2,20
"Graduate",152,18
"Dropout",122.2,18
"Graduate",101.7,20
"Graduate",119.9,20
"Dropout",123.7,19
"Graduate",121.8,19
"Dropout",106.1,18
"Graduate",124.3,19
"Graduate",124.3,20
"Graduate",117.4,21
"Graduate",112.7,21
"Graduate",123.7,20
"Graduate",105.8,19
"Dropout",124.2,21
"Graduate",122.3,18
"Graduate",123.7,19
"Graduate",129.8,18
"Graduate",123.8,19
"Graduate",126.4,18
"Enrolled",115.1,18
"Graduate",138.4,18
"Graduate",118.2,18
"Dropout",121.7,18
"Enrolled",118,18
"Dropout",119.8,18
"Graduate",164.9,18
"Graduate",100,20
"Enrolled",121.6,18
"Graduate",120.4,18
"Graduate",117.8,20
"Graduate",110,40
"Graduate",128.8,18
"Graduate",116.6,19
"Dropout",120,24
"Dropout",157.5,19
"Graduate",136.3,19
"Graduate",121.5,20
"Graduate",133.9,18
"Graduate",136.8,18
"Graduate",133.5,19
"Dropout",130,18
"Graduate",140,19
"Graduate",132.7,19
"Graduate",117.8,19
"Dropout",126.1,19
"Graduate",120,19
"Dropout",100,25
"Graduate",116.8,20
"Dropout",128.3,23
"Dropout",117,20
"Graduate",131.5,27
"Graduate",134.8,18
"Enrolled",146.6,18
"Dropout",130,23
"Graduate",127.5,19
"Graduate",123,18
"Graduate",100,20
"Graduate",114.2,18
"Graduate",123.5,19
"Graduate",144.3,19
"Enrolled",142.2,19
"Graduate",161.9,18
"Graduate",135.9,18
"Graduate",110.1,18
"Dropout",122.5,28
"Dropout",138.1,19
"Dropout",117.3,20
"Graduate",106.8,19
"Graduate",120.1,20
"Graduate",116.5,19
"Enrolled",120,21
"Graduate",139.7,19
"Graduate",123.7,18
"Dropout",116.5,19
"Graduate",122.2,19
"Graduate",146,20
"Enrolled",108.8,18
"Enrolled",133,18
"Graduate",123.8,18
"Dropout",120,18
"Graduate",126.9,18
"Dropout",121.3,20
"Graduate",129,19
"Dropout",114.9,21
"Dropout",106.5,20
"Graduate",133.9,18
"Graduate",124.9,20
"Graduate",128.5,19
"Dropout",126.2,22
"Dropout",121.7,22
"Enrolled",120,18
"Enrolled",113.2,21
"Graduate",120.3,19
"Dropout",127.8,19
"Dropout",123.3,20
"Graduate",126.3,18
"Dropout",128.2,22
"Graduate",134.9,20
"Graduate",140,19
"Graduate",115.5,19
"Enrolled",106.7,20
"Enrolled",140,25
"Graduate",136.6,19
"Graduate",119.3,19
"Dropout",152,19
"Graduate",144.3,20
"Enrolled",159,25
"Graduate",129.5,20
"Enrolled",140,24
"Graduate",105.4,20
"Graduate",136,21
"Graduate",160,19
"Graduate",139.1,19
"Graduate",126.9,21
"Graduate",184,28
"Graduate",125,19
"Graduate",138.5,18
"Graduate",133.5,18
"Graduate",141.5,18
"Graduate",130,22
"Enrolled",131,19
"Graduate",145,18
"Dropout",114.3,20
"Dropout",108.3,26
"Graduate",125.2,18
"Dropout",131.7,21
"Graduate",126.3,18
"Graduate",147.6,20
"Graduate",125.1,18
"Enrolled",123.8,19
"Dropout",130.8,20
"Graduate",154.1,18
"Enrolled",122.6,20
"Graduate",103.5,22
"Enrolled",132.8,18
"Graduate",100,21
"Enrolled",115.8,18
"Graduate",133.8,18
"Graduate",118.5,18
"Dropout",150.3,19
"Enrolled",107.8,19
"Enrolled",127.5,19
"Graduate",120.5,19
"Enrolled",117.3,19
"Dropout",120.6,19
"Graduate",118.7,21
"Graduate",130.8,20
"Graduate",112.6,20
"Graduate",117.2,41
"Enrolled",130,32
"Graduate",131.8,18
"Graduate",97,35
"Dropout",130,32
"Graduate",148,37
"Dropout",103.4,30
"Graduate",127.1,23
"Dropout",124,20
"Graduate",121.4,21
"Graduate",118.1,19
"Graduate",121.3,18
"Dropout",119.5,18
"Enrolled",115.2,24
"Graduate",130.2,22
"Dropout",130,18
"Graduate",126.9,18
"Graduate",168.5,21
"Dropout",130,38
"Graduate",122.8,19
"Dropout",110,36
"Graduate",127.1,18
"Graduate",108.5,19
"Dropout",138.2,21
"Enrolled",96,19
"Graduate",124.5,18
"Enrolled",120,45
"Dropout",132.3,20
"Graduate",120.7,18
"Graduate",132.6,18
"Dropout",140,25
"Graduate",124.5,19
"Graduate",142,18
"Graduate",130,39
"Graduate",144,29
"Enrolled",128.5,18
"Dropout",140,23
"Dropout",113.9,21
"Graduate",137.2,18
"Graduate",140,23
"Graduate",152.3,18
"Graduate",112.5,32
"Dropout",101,29
"Graduate",112.3,20
"Dropout",114,28
"Graduate",130,27
"Graduate",121.5,22
"Enrolled",120,37
"Dropout",130,28
"Dropout",125.7,43
"Dropout",128,32
"Enrolled",113.2,20
"Graduate",120,35
"Graduate",117.8,21
"Enrolled",121.3,18
"Graduate",169.7,18
"Graduate",117.7,18
"Graduate",121.8,22
"Graduate",128.3,19
"Graduate",132.2,18
"Dropout",134.3,19
"Graduate",123.4,18
"Dropout",121.7,31
"Graduate",130,33
"Graduate",126.5,19
"Graduate",159.7,18
"Graduate",151.3,23
"Graduate",138,20
"Graduate",126.5,18
"Enrolled",140,21
"Graduate",112.3,22
"Graduate",127.3,20
"Graduate",130,23
"Graduate",115,19
"Graduate",131.5,19
"Dropout",125.7,26
"Graduate",126.8,18
"Dropout",132.4,18
"Graduate",150,20
"Dropout",95,19
"Dropout",128.2,32
"Dropout",130,31
"Enrolled",100,25
"Graduate",159.9,21
"Dropout",100,31
"Dropout",116.5,34
"Graduate",120,18
"Dropout",117,19
"Enrolled",140,21
"Dropout",118.1,18
"Graduate",153.5,20
"Graduate",127.9,20
"Graduate",118.8,18
"Graduate",126.7,19
"Enrolled",170,19
"Dropout",110,30
"Graduate",115,19
"Graduate",119,19
"Graduate",121.8,19
"Graduate",133.4,19
"Graduate",131.4,20
"Dropout",135,25
"Dropout",122.8,19
"Graduate",140,34
"Graduate",125.3,18
"Graduate",126.3,18
"Graduate",100,20
"Graduate",121.3,20
"Enrolled",135,23
"Dropout",120,28
"Enrolled",113.7,18
"Graduate",129.7,19
"Dropout",132.1,34
"Dropout",120.3,35
"Graduate",120,32
"Graduate",123.1,19
"Graduate",119.4,18
"Dropout",140,35
"Enrolled",116.5,24
"Graduate",113,20
"Graduate",133.9,18
"Graduate",115.5,20
"Dropout",116.5,18
"Graduate",171.2,18
"Graduate",119.1,20
"Dropout",121.1,19
"Enrolled",132.9,20
"Graduate",132.8,19
"Graduate",126.7,20
"Graduate",105.8,22
"Enrolled",117.2,18
"Graduate",140,19
"Dropout",120,22
"Graduate",119.5,20
"Dropout",153.9,34
"Dropout",130,24
"Dropout",107,26
"Dropout",132.8,35
"Graduate",127.5,22
"Enrolled",123.3,26
"Dropout",122,19
"Dropout",114.8,19
"Graduate",140,20
"Graduate",111,21
"Graduate",133.2,19
"Graduate",123,18
"Graduate",150,23
"Graduate",132.3,18
"Graduate",126,18
"Graduate",119.3,19
"Graduate",133.8,21
"Graduate",126.5,18
"Graduate",138.4,24
"Dropout",129,18
"Enrolled",118.3,18
"Graduate",129.8,20
"Enrolled",113.6,19
"Dropout",128.3,18
"Dropout",130,19
"Graduate",121.9,19
"Graduate",129.4,18
"Enrolled",115.3,20
"Graduate",125.5,18
"Graduate",117.8,19
"Enrolled",118.7,18
"Graduate",139,18
"Enrolled",98.9,21
"Dropout",137.7,19
"Graduate",113.6,21
"Enrolled",113.4,18
"Graduate",128.5,18
"Graduate",142.8,18
"Dropout",137.7,23
"Enrolled",103.5,20
"Graduate",123.2,18
"Enrolled",126,19
"Enrolled",121.7,27
"Enrolled",142.8,19
"Dropout",120,21
"Graduate",119.3,19
"Graduate",121,21
"Graduate",139.4,18
"Graduate",113.9,20
"Graduate",124.6,18
"Dropout",123.8,18
"Graduate",126.3,18
"Graduate",120.4,18
"Enrolled",120.5,19
"Enrolled",144.9,23
"Graduate",139.9,24
"Graduate",133.3,19
"Graduate",126,18
"Graduate",133.5,19
"Dropout",127.9,19
"Enrolled",105.9,20
"Enrolled",124.3,20
"Dropout",102.5,26
"Dropout",97,36
"Dropout",134.7,19
"Dropout",113.8,27
"Dropout",116.9,18
"Graduate",124,18
"Dropout",117.5,28
"Graduate",154.8,21
"Graduate",141,19
"Dropout",120,26
"Dropout",133.6,20
"Graduate",122,19
"Dropout",120,21
"Graduate",114.2,23
"Graduate",95.5,29
"Graduate",120,20
"Graduate",111.1,18
"Graduate",128.6,19
"Dropout",130,23
"Dropout",111.1,21
"Enrolled",122.7,18
"Graduate",134.4,18
"Dropout",131,21
"Dropout",125,22
"Graduate",106,21
"Dropout",128,32
"Graduate",120,27
"Graduate",134.8,18
"Graduate",112,24
"Dropout",116.1,22
"Dropout",120,22
"Graduate",119.7,19
"Dropout",117.1,19
"Enrolled",112.4,21
"Graduate",131,18
"Graduate",130.9,18
"Dropout",134.9,20
"Graduate",127.1,19
"Graduate",110.2,19
"Graduate",108.7,18
"Enrolled",138,20
"Graduate",147.7,22
"Graduate",123,31
"Graduate",142.8,19
"Enrolled",138.3,18
"Graduate",125.2,18
"Graduate",141.8,21
"Graduate",130.6,18
"Dropout",130,25
"Dropout",100,21
"Graduate",119,19
"Enrolled",124.3,19
"Dropout",122.2,22
"Graduate",150,19
"Dropout",135.5,58
"Graduate",127.3,19
"Graduate",127,23
"Enrolled",126.9,19
"Graduate",127.5,18
"Graduate",122,20
"Dropout",115.8,18
"Graduate",121.6,18
"Graduate",116.4,18
"Dropout",120,24
"Dropout",127.3,18
"Enrolled",123.5,19
"Graduate",125.6,19
"Graduate",118.5,18
"Enrolled",129.5,18
"Graduate",134.6,19
"Graduate",140,22
"Enrolled",133.2,19
"Enrolled",133.5,21
"Graduate",117.9,21
"Graduate",128,18
"Dropout",113.2,20
"Enrolled",122,18
"Graduate",156.9,19
"Enrolled",125.1,18
"Dropout",100,26
"Enrolled",160,19
"Graduate",101,35
"Graduate",121.5,19
"Graduate",126.8,18
"Graduate",132.9,19
"Graduate",134.3,25
"Graduate",120.5,18
"Dropout",144.1,26
"Graduate",100,34
"Dropout",114.8,18
"Dropout",111.9,18
"Dropout",125.4,18
"Dropout",140,20
"Graduate",140,25
"Dropout",127.8,18
"Graduate",131.6,19
"Dropout",119.4,20
"Graduate",129.9,20
"Enrolled",114,20
"Dropout",113.4,19
"Enrolled",117.8,20
"Enrolled",114.3,18
"Enrolled",129.7,19
"Dropout",112,20
"Dropout",140,24
"Graduate",150,20
"Enrolled",122.4,19
"Dropout",150,23
"Enrolled",135,20
"Graduate",116.2,21
"Dropout",120.4,20
"Enrolled",122.9,21
"Graduate",155,18
"Graduate",123.4,18
"Enrolled",124.2,18
"Enrolled",130,20
"Graduate",126.2,18
"Dropout",120.5,19
"Enrolled",123.7,20
"Graduate",122.5,19
"Dropout",139.2,33
"Graduate",131.2,21
"Dropout",120,25
"Dropout",116.7,20
"Dropout",150,22
"Graduate",117.5,39
"Graduate",137.6,21
"Graduate",124.3,19
"Graduate",116,26
"Graduate",121.4,19
"Graduate",142.8,20
"Enrolled",96,25
"Dropout",125,24
"Graduate",126.1,20
"Graduate",155.8,29
"Graduate",116,20
"Dropout",110,20
"Graduate",97.2,24
"Dropout",100,24
"Graduate",140,23
"Graduate",128,20
"Graduate",115.3,19
"Enrolled",150,28
"Graduate",160,20
"Graduate",133.1,18
"Dropout",119,20
"Graduate",156,33
"Enrolled",163.7,35
"Enrolled",130,27
"Dropout",123.1,19
"Enrolled",160,31
"Graduate",136.1,19
"Graduate",132.7,22
"Dropout",128.2,39
"Dropout",126.7,22
"Enrolled",150,47
"Graduate",156.3,19
"Graduate",116.1,19
"Dropout",123.8,19
"Graduate",153,21
"Dropout",140,39
"Graduate",131.9,19
"Enrolled",141.4,20
"Dropout",140,24
"Dropout",115,27
"Graduate",168,29
"Dropout",101.3,20
"Dropout",122.6,21
"Enrolled",141.7,18
"Graduate",132.3,19
"Dropout",111.7,19
"Graduate",98.7,28
"Graduate",140,21
"Dropout",140,23
"Enrolled",100.7,39
"Graduate",133.8,18
"Graduate",100,59
"Enrolled",180,30
"Graduate",130.8,18
"Enrolled",140,41
"Dropout",106.2,27
"Graduate",125.6,18
"Dropout",117.5,20
"Dropout",122.5,32
"Dropout",132.9,19
"Dropout",103,41
"Dropout",107,38
"Dropout",100,35
"Dropout",100,27
"Graduate",131.3,19
"Enrolled",122.2,18
"Dropout",118.4,39
"Dropout",100,37
"Dropout",110,37
"Graduate",100,35
"Graduate",106.2,49
"Graduate",110,52
"Graduate",122.3,18
"Graduate",112.5,30
"Graduate",98.1,21
"Dropout",140.2,20
"Enrolled",143.6,18
"Dropout",134.6,19
"Graduate",126.8,18
"Enrolled",100,20
"Enrolled",130,21
"Graduate",113.6,22
"Enrolled",140,20
"Enrolled",106,20
"Graduate",126.6,19
"Graduate",130.7,18
"Graduate",105.9,21
"Enrolled",137,19
"Dropout",100,37
"Enrolled",114.4,45
"Dropout",120,38
"Dropout",119,55
"Dropout",110,28
"Graduate",120,46
"Graduate",119.8,22
"Dropout",135.6,46
"Enrolled",120.7,28
"Dropout",136.3,18
"Enrolled",164.3,18
"Graduate",149.2,21
"Enrolled",122.5,18
"Dropout",100,34
"Dropout",125,21
"Graduate",131,18
"Graduate",122,20
"Enrolled",131.3,18
"Enrolled",117,21
"Dropout",118,19
"Graduate",126,22
"Dropout",120,23
"Dropout",155.6,19
"Enrolled",122.8,18
"Dropout",127.3,19
"Enrolled",118.4,19
"Enrolled",128.1,19
"Enrolled",99,22
"Graduate",161.2,18
"Dropout",140.9,18
"Dropout",111.1,19
"Graduate",149.9,18
"Enrolled",111.3,21
"Enrolled",121.5,18
"Graduate",120,19
"Dropout",120,27
"Enrolled",130,20
"Graduate",98.9,20
"Graduate",136.3,18
"Enrolled",125.2,18
"Graduate",130,18
"Dropout",141.5,18
"Enrolled",123.9,18
"Graduate",114.5,18
"Dropout",100,37
"Graduate",110.5,36
"Dropout",101,26
"Graduate",121,19
"Dropout",95,24
"Dropout",126.9,19
"Graduate",116.3,20
"Graduate",120,19
"Graduate",123.6,21
"Dropout",150,50
"Dropout",120,47
"Dropout",111.3,24
"Dropout",150,48
"Graduate",123.2,18
"Dropout",130,32
"Dropout",137.9,20
"Dropout",100,24
"Graduate",120,53
"Dropout",131,42
"Graduate",133.8,52
"Enrolled",100,54
"Graduate",150,49
"Graduate",126.4,18
"Graduate",154,37
"Graduate",114.9,21
"Dropout",110,26
"Graduate",149.8,20
"Graduate",117.9,19
"Graduate",165.8,18
"Graduate",127.6,18
"Graduate",123.8,20
"Dropout",126.1,20
"Dropout",119.7,21
"Graduate",121.6,22
"Graduate",100,18
"Dropout",127.6,18
"Graduate",132.5,19
"Enrolled",124.3,19
"Graduate",131,18
"Enrolled",120,27
"Graduate",113.3,20
"Dropout",121.9,20
"Graduate",118.3,20
"Graduate",118.8,19
"Enrolled",129,20
"Graduate",143.3,20
"Enrolled",152.5,20
"Graduate",155.7,27
"Graduate",153.9,18
"Graduate",137.8,18
"Graduate",143.3,18
"Graduate",123.2,20
"Enrolled",138.1,19
"Graduate",140.5,20
"Graduate",130,18
"Dropout",104.8,22
"Graduate",132.5,22
"Enrolled",127.7,25
"Graduate",136.5,19
"Dropout",130,21
"Graduate",190,27
"Graduate",128.5,18
"Dropout",126.6,18
"Dropout",131.6,19
"Graduate",119,35
"Graduate",127.6,23
"Dropout",100,28
"Enrolled",124.5,19
"Enrolled",109.3,19
"Dropout",117.7,20
"Dropout",124.7,21
"Graduate",124.5,18
"Graduate",140.8,22
"Graduate",111.9,21
"Dropout",140,38
"Enrolled",121.2,20
"Dropout",123.8,19
"Dropout",134,24
"Dropout",130.8,19
"Graduate",130.2,19
"Enrolled",123.3,19
"Dropout",147.6,31
"Graduate",113.4,19
"Graduate",133.7,22
"Dropout",128.2,25
"Dropout",161,18
"Dropout",130,30
"Graduate",156.3,18
"Graduate",129.3,18
"Dropout",129.3,18
"Graduate",136.3,18
"Graduate",140,25
"Enrolled",135.9,18
"Dropout",139.7,18
"Enrolled",117,19
"Dropout",105,25
"Graduate",130.5,19
"Enrolled",130,31
"Graduate",131.5,20
"Dropout",100,33
"Enrolled",140,24
"Graduate",130.2,18
"Graduate",133.5,19
"Graduate",133.2,20
"Enrolled",130,33
"Dropout",129,24
"Dropout",100,24
"Graduate",116.5,18
"Graduate",124.2,18
"Graduate",138.8,22
"Graduate",126.4,18
"Graduate",151.9,21
"Dropout",120,38
"Graduate",131.9,29
"Enrolled",130,20
"Dropout",131.7,18
"Graduate",132.5,37
"Graduate",116.5,20
"Dropout",133.9,20
"Dropout",145.4,40
"Enrolled",172,44
"Dropout",111,21
"Graduate",120,21
"Graduate",129.8,18
"Enrolled",118.1,18
"Graduate",130,27
"Dropout",126.3,38
"Dropout",137.8,18
"Enrolled",116.1,19
"Dropout",115.4,18
"Dropout",110,19
"Dropout",97.4,44
"Dropout",130,26
"Dropout",156,24
"Dropout",126.1,27
"Dropout",120,27
"Dropout",105.2,25
"Enrolled",120,21
"Graduate",137.8,19
"Enrolled",134.2,20
"Enrolled",150,20
"Dropout",116,20
"Enrolled",143.4,18
"Enrolled",143.6,19
"Dropout",150,22
"Graduate",118,19
"Graduate",109.3,18
"Graduate",119.3,20
"Dropout",146.3,18
"Graduate",161.5,36
"Graduate",140,19
"Graduate",142.2,21
"Dropout",129.2,26
"Dropout",100,29
"Enrolled",170,26
"Dropout",140,27
"Enrolled",115.2,32
"Enrolled",121.4,23
"Enrolled",134.8,24
"Graduate",136.9,19
"Enrolled",140,25
"Enrolled",112.2,19
"Dropout",148.7,20
"Graduate",133,33
"Dropout",150,35
"Graduate",98,23
"Graduate",122.4,19
"Enrolled",139,21
"Graduate",112,21
"Dropout",143.8,27
"Enrolled",116.1,19
"Dropout",138,28
"Enrolled",110,25
"Dropout",103.5,42
"Graduate",140,27
"Dropout",108.7,23
"Graduate",115.9,18
"Graduate",127.3,26
"Dropout",138.7,18
"Dropout",135.8,29
"Dropout",134.6,22
"Enrolled",118.4,21
"Graduate",132.8,19
"Graduate",155.5,18
"Dropout",132,18
"Dropout",110,40
"Dropout",127.3,20
"Dropout",126,18
"Graduate",130,31
"Graduate",118.8,18
"Dropout",127.6,22
"Dropout",112.1,38
"Dropout",130,33
"Enrolled",111.1,19
"Dropout",121.4,18
"Enrolled",126.8,18
"Graduate",120.6,27
"Graduate",126.5,26
"Graduate",120.2,19
"Dropout",120,44
"Graduate",137.5,19
"Dropout",127.9,20
"Enrolled",140,24
"Graduate",131.8,31
"Graduate",129,25
"Dropout",115.8,19
"Dropout",126.4,18
"Enrolled",130,19
"Enrolled",114.8,19
"Enrolled",138.6,19
"Dropout",112.9,24
"Graduate",111.6,20
"Graduate",152,18
"Graduate",132.6,18
"Enrolled",118.4,21
"Dropout",120,28
"Enrolled",122.1,18
"Dropout",142.8,18
"Graduate",124.8,18
"Graduate",126.3,18
"Dropout",119,19
"Graduate",124.9,19
"Graduate",118,20
"Graduate",100,34
"Enrolled",109,39
"Graduate",130.8,19
"Graduate",110,24
"Dropout",151,18
"Dropout",131,19
"Graduate",155.2,18
"Enrolled",121,20
"Graduate",119.7,19
"Dropout",131,19
"Dropout",116.9,19
"Dropout",130,41
"Graduate",137.8,19
"Enrolled",122.1,19
"Dropout",120,23
"Dropout",133,18
"Graduate",115.2,19
"Graduate",160,20
"Dropout",106.3,35
"Dropout",103,34
"Graduate",136,19
"Graduate",146.5,22
"Graduate",131.4,20
"Enrolled",130,27
"Dropout",137,30
"Enrolled",125.9,34
"Dropout",111.9,20
"Graduate",131.2,18
"Dropout",131.2,26
"Graduate",140,26
"Dropout",121.5,26
"Dropout",153.5,31
"Graduate",142.2,20
"Graduate",131.1,19
"Dropout",130.6,23
"Dropout",115,20
"Graduate",125,20
"Dropout",97.5,29
"Graduate",134.4,20
"Graduate",118.8,24
"Dropout",110.5,37
"Dropout",123.3,18
"Dropout",139.6,18
"Graduate",138.8,18
"Enrolled",160,41
"Dropout",140,35
"Dropout",118.2,19
"Graduate",150.6,18
"Enrolled",115.2,48
"Graduate",126,19
"Dropout",160,30
"Dropout",160,51
"Graduate",184.4,18
"Graduate",156,18
"Graduate",150.2,18
"Graduate",126.3,18
"Dropout",146.1,18
"Enrolled",145.3,18
"Graduate",116.8,23
"Enrolled",132.1,19
"Enrolled",102.6,21
"Dropout",112.3,18
"Graduate",155.3,18
"Graduate",153.8,21
"Graduate",110,20
"Graduate",128.2,24
"Graduate",120.4,18
"Graduate",153,18
"Graduate",117.9,19
"Graduate",145.6,20
"Graduate",119.8,18
"Graduate",126.8,18
"Enrolled",106.1,19
"Graduate",137.3,19
"Graduate",115.5,18
"Graduate",127.5,20
"Graduate",116.3,18
"Dropout",113.2,18
"Graduate",132.6,18
"Graduate",132,18
"Graduate",130.3,18
"Graduate",116.7,20
"Graduate",134,22
"Enrolled",100,20
"Enrolled",140,20
"Graduate",139.2,18
"Enrolled",132.6,18
"Graduate",129.4,18
"Dropout",125.6,18
"Graduate",129.3,19
"Graduate",128.4,19
"Graduate",139.9,18
"Enrolled",124.8,18
"Graduate",128.5,18
"Graduate",117.8,18
"Graduate",115.1,19
"Graduate",118,18
"Graduate",120,25
"Graduate",119.6,19
"Graduate",133.2,18
"Graduate",141.8,19
"Graduate",130.3,18
"Dropout",100,24
"Graduate",114.6,21
"Graduate",123.4,18
"Graduate",116.4,18
"Graduate",123.2,20
"Graduate",123.7,19
"Dropout",127.6,19
"Graduate",117.1,30
"Graduate",149.3,18
"Graduate",125.6,18
"Graduate",145,18
"Graduate",115,20
"Dropout",114.3,19
"Dropout",126,19
"Dropout",124,19
"Graduate",122.6,18
"Enrolled",133.8,17
"Graduate",113.5,19
"Enrolled",122.6,18
"Graduate",140,25
"Dropout",107,19
"Enrolled",130,24
"Graduate",124.2,19
"Enrolled",125.8,20
"Graduate",108,20
"Graduate",115.2,20
"Graduate",129.3,19
"Graduate",120,31
"Graduate",116.7,20
"Enrolled",121,18
"Enrolled",128.2,18
"Graduate",121.1,18
"Enrolled",112.6,20
"Graduate",123.3,20
"Dropout",129.4,19
"Graduate",119.9,21
"Graduate",131.6,18
"Dropout",120,21
"Enrolled",110,19
"Graduate",143,20
"Enrolled",140,20
"Graduate",119.2,18
"Graduate",124.3,18
"Graduate",111.1,18
"Graduate",150,21
"Graduate",147.3,18
"Graduate",147.5,18
"Graduate",108,20
"Graduate",130,32
"Enrolled",130,34
"Graduate",109,23
"Enrolled",112,18
"Graduate",121.2,18
"Dropout",140,34
"Enrolled",119.5,25
"Graduate",125.9,21
"Dropout",121.5,20
"Graduate",121.5,18
"Graduate",132.4,18
"Graduate",122.4,18
"Dropout",110,24
"Graduate",120.4,32
"Dropout",105,24
"Dropout",137.8,18
"Graduate",118,28
"Dropout",122.1,18
"Dropout",140,24
"Graduate",143.2,19
"Graduate",120.5,44
"Graduate",119.5,18
"Graduate",147.5,18
"Dropout",129.6,22
"Graduate",126.1,18
"Graduate",160,44
"Dropout",105.5,33
"Dropout",95.5,32
"Dropout",107.5,35
"Graduate",106.1,20
"Graduate",116.3,24
"Graduate",137.4,19
"Enrolled",101.8,21
"Graduate",144.1,19
"Dropout",107.8,27
"Dropout",128.2,30
"Dropout",117,21
"Graduate",110.4,19
"Enrolled",170,34
"Graduate",100,18
"Graduate",117,21
"Enrolled",133.5,17
"Graduate",128,19
"Graduate",122.1,18
"Graduate",133.4,19
"Dropout",112,45
"Graduate",130,26
"Dropout",100,51
"Graduate",162,49
"Enrolled",153,22
"Dropout",131.4,22
"Dropout",128.2,33
"Graduate",148.9,20
"Graduate",128.4,18
"Dropout",120.3,20
"Graduate",100,37
"Graduate",126.1,18
"Graduate",111.7,19
"Graduate",140,21
"Graduate",122.2,20
"Dropout",118.7,19
"Dropout",121.5,20
"Graduate",134.5,18
"Graduate",127,19
"Graduate",114.2,18
"Graduate",125.3,18
"Dropout",120.4,18
"Enrolled",123,19
"Graduate",130.5,18
"Graduate",125.5,19
"Graduate",133.8,24
"Enrolled",150,20
"Graduate",130.5,21
"Dropout",140,20
"Graduate",119.4,19
"Graduate",121.3,19
"Graduate",126.3,18
"Graduate",111.6,19
"Graduate",111.3,21
"Graduate",122.5,19
"Graduate",116.5,18
"Graduate",132,17
"Enrolled",123.7,19
"Dropout",117,23
"Graduate",116.5,19
"Graduate",121.5,18
"Graduate",105,20
"Graduate",121.3,19
"Graduate",136.1,18
"Graduate",123.6,19
"Graduate",129,19
"Graduate",136.8,18
"Graduate",133.4,18
"Graduate",136,19
"Graduate",125.8,19
"Graduate",120.5,19
"Graduate",130.2,21
"Graduate",135.9,18
"Graduate",116.5,19
"Dropout",124,18
"Dropout",140,30
"Dropout",150.9,18
"Graduate",127.3,20
"Dropout",100,25
"Graduate",128.8,18
"Enrolled",119.7,21
"Graduate",140.8,18
"Graduate",138,18
"Dropout",132.9,29
"Graduate",140,20
"Dropout",140,26
"Graduate",99.3,21
"Graduate",119.3,19
"Dropout",113.2,19
"Enrolled",117,21
"Graduate",123,20
"Graduate",127.2,18
"Dropout",141,20
"Graduate",121.7,20
"Enrolled",121.1,18
"Enrolled",146.1,18
"Graduate",142.5,18
"Enrolled",126.8,18
"Graduate",150,22
"Enrolled",150,19
"Graduate",134.5,19
"Graduate",129.5,18
"Graduate",113.2,20
"Dropout",140.2,18
"Dropout",119.2,21
"Graduate",140.7,19
"Dropout",142.3,18
"Graduate",129.9,18
"Enrolled",134.8,18
"Dropout",104.1,21
"Graduate",122.4,19
"Graduate",120.6,19
"Dropout",112.4,19
"Graduate",157.9,18
"Dropout",125.9,19
"Dropout",118.4,20
"Dropout",130.8,18
"Dropout",176.7,19
"Graduate",156.8,18
"Enrolled",126.8,18
"Graduate",128,19
"Graduate",113.8,20
"Graduate",120.8,19
"Graduate",130.8,18
"Dropout",101,25
"Graduate",126.1,18
"Graduate",113.8,19
"Graduate",118.3,19
"Dropout",127.9,20
"Enrolled",131.1,18
"Graduate",117.9,20
"Graduate",115.7,21
"Graduate",141,19
"Graduate",120,42
"Enrolled",131.8,18
"Graduate",131.1,19
"Graduate",117.8,18
"Graduate",140,21
"Graduate",108,20
"Graduate",122.9,20
"Enrolled",130,21
"Graduate",126,19
"Graduate",134,21
"Graduate",134.3,19
"Graduate",138.7,19
"Enrolled",143.3,18
"Graduate",160,22
"Graduate",111,21
"Dropout",128.5,18
"Graduate",133,20
"Dropout",114.6,18
"Dropout",104.1,20
"Graduate",127.6,23
"Graduate",151,18
"Graduate",135.7,20
"Graduate",137.8,18
"Graduate",117.3,20
"Graduate",121.2,18
"Graduate",129.3,20
"Graduate",123,19
"Graduate",140,21
"Graduate",140,33
"Dropout",144.6,24
"Graduate",118.3,20
"Graduate",153.6,18
"Graduate",158.3,18
"Dropout",100,29
"Graduate",134.9,18
"Graduate",142,19
"Dropout",127.3,19
"Graduate",116.5,18
"Graduate",138.6,19
"Dropout",133,20
"Enrolled",136.2,19
"Graduate",118,19
"Enrolled",126.8,18
"Graduate",128.5,18
"Graduate",129.9,19
"Dropout",125.8,20
"Enrolled",129.3,18
"Dropout",124.7,18
"Dropout",154.9,35
"Enrolled",127.3,18
"Graduate",129,19
"Enrolled",98,19
"Enrolled",122,20
"Enrolled",112.5,19
"Dropout",127.3,19
"Dropout",100.5,24
"Dropout",122,29
"Graduate",140,24
"Graduate",116.1,19
"Dropout",130,37
"Graduate",146.2,18
"Enrolled",180,20
"Dropout",127.8,18
"Enrolled",130.8,22
"Enrolled",109,22
"Dropout",132.4,18
"Graduate",129.3,18
"Graduate",125.4,19
"Enrolled",130.2,19
"Dropout",132,19
"Graduate",170,21
"Enrolled",130.2,19
"Graduate",115.5,18
"Dropout",127.6,19
"Graduate",140,25
"Graduate",120.2,22
"Graduate",150,24
"Graduate",100,19
"Enrolled",100,18
"Dropout",128,20
"Graduate",128,19
"Dropout",107.2,19
"Graduate",110.1,19
"Dropout",119,23
"Dropout",155.5,47
"Graduate",118.4,19
"Graduate",141.2,19
"Dropout",119.1,18
"Dropout",111,28
"Dropout",138.6,20
"Enrolled",121.2,18
"Graduate",150.4,21
"Enrolled",117.8,19
"Dropout",102.5,24
"Enrolled",110,24
"Enrolled",138.3,25
"Graduate",122.3,28
"Enrolled",127.8,37
"Enrolled",100,19
"Graduate",126.4,18
"Dropout",100,48
"Graduate",117.1,21
"Enrolled",124.7,19
"Enrolled",124.1,21
"Dropout",129.4,23
"Graduate",138.9,18
"Dropout",138.6,22
"Dropout",133.9,25
"Dropout",140,27
"Dropout",95.1,49
"Dropout",128.2,31
"Dropout",121.5,54
"Dropout",120,25
"Enrolled",130,20
"Dropout",120,28
"Graduate",107,41
"Enrolled",116.1,19
"Dropout",114.4,22
"Dropout",157.7,34
"Dropout",150,28
"Enrolled",114.3,42
"Enrolled",104.6,21
"Dropout",140,50
"Dropout",109.1,19
"Dropout",120.6,18
"Dropout",161.9,59
"Dropout",140,33
"Graduate",178,23
"Dropout",138.3,44
"Dropout",128,37
"Dropout",139,36
"Dropout",113.2,22
"Graduate",139,49
"Graduate",110,23
"Enrolled",136.6,19
"Dropout",161.1,47
"Graduate",130,28
"Enrolled",140,21
"Dropout",121,21
"Graduate",118.6,21
"Enrolled",138.3,20
"Dropout",115.8,49
"Graduate",160,40
"Graduate",114.5,22
"Enrolled",117.5,19
"Dropout",121.7,31
"Dropout",115,30
"Graduate",125.3,19
"Dropout",131,22
"Graduate",126.3,19
"Dropout",127.1,21
"Graduate",138.4,19
"Dropout",100,22
"Graduate",126.2,22
"Graduate",118.8,19
"Dropout",124.5,26
"Enrolled",140,23
"Enrolled",125.1,18
"Enrolled",118.8,22
"Enrolled",125.2,19
"Dropout",95,20
"Enrolled",107.6,22
"Dropout",140,18
"Dropout",125.4,39
"Dropout",128,18
"Graduate",129.3,18
"Graduate",152,19
"Graduate",128.8,18
"Dropout",152.8,18
"Graduate",150,22
"Graduate",112,19
"Dropout",135.6,18
"Dropout",134.4,31
"Dropout",120.5,28
"Dropout",141.4,19
"Graduate",145.2,20
"Dropout",140,50
"Enrolled",100,38
"Dropout",140,31
"Enrolled",126,27
"Graduate",112.6,21
"Dropout",106.8,34
"Enrolled",121.6,19
"Dropout",120,40
"Graduate",160.6,18
"Dropout",130,46
"Dropout",110,37
"Dropout",110,31
"Graduate",145.8,34
"Dropout",130.2,18
"Graduate",122.3,18
"Graduate",125.4,19
"Dropout",130,40
"Dropout",150,25
"Dropout",116.9,20
"Enrolled",114.7,20
"Dropout",95.8,43
"Enrolled",133.1,18
"Graduate",150,35
"Graduate",118.5,23
"Graduate",131.1,19
"Graduate",150.3,21
"Enrolled",120.5,19
"Graduate",105.6,20
"Dropout",125.3,30
"Graduate",131,44
"Graduate",127,19
"Graduate",150,22
"Graduate",149.2,18
"Graduate",121.5,21
"Dropout",137.3,18
"Graduate",119.6,18
"Graduate",141.5,19
"Dropout",150,21
"Graduate",110,31
"Dropout",110.2,21
"Enrolled",110.3,24
"Dropout",120,27
"Graduate",114.2,20
"Enrolled",140,22
"Enrolled",132.8,19
"Graduate",121.5,19
"Enrolled",127.2,23
"Graduate",128.2,18
"Enrolled",133.4,29
"Dropout",120,29
"Enrolled",140,20
"Graduate",136.9,19
"Enrolled",117,22
"Enrolled",110.7,20
"Enrolled",160,24
"Dropout",95,21
"Graduate",148.8,25
"Dropout",110,32
"Dropout",133.9,26
"Graduate",125.7,18
"Graduate",116.6,19
"Graduate",141,19
"Dropout",130,27
"Enrolled",130,21
"Enrolled",115.8,20
"Graduate",140,21
"Enrolled",126.1,22
"Graduate",137.5,19
"Dropout",120.8,18
"Dropout",136.5,28
"Dropout",122,25
"Dropout",130,25
"Enrolled",126.3,18
"Dropout",98,26
"Graduate",121,18
"Enrolled",124.2,22
"Dropout",130,25
"Enrolled",136.1,19
"Graduate",132.8,19
"Graduate",126.3,19
"Dropout",111.5,45
"Graduate",118.2,52
"Dropout",115.6,20
"Graduate",117.8,19
"Dropout",127,21
"Graduate",140,35
"Graduate",106,36
"Dropout",151,47
"Dropout",106.4,22
"Dropout",125.3,41
"Dropout",130,26
"Dropout",116,51
"Enrolled",120,43
"Graduate",100,41
"Graduate",118.5,23
"Dropout",118.9,22
"Dropout",119.3,25
"Graduate",135.8,25
"Graduate",130,22
"Enrolled",129.8,24
"Dropout",150,47
"Dropout",111.9,41
"Graduate",150.1,43
"Dropout",130,29
"Dropout",128,30
"Dropout",102.5,26
"Dropout",102.5,27
"Graduate",110,36
"Dropout",114,29
"Dropout",128.2,35
"Graduate",116.5,18
"Graduate",149.3,24
"Dropout",134.1,18
"Enrolled",126.6,18
"Enrolled",120,21
"Graduate",133.5,21
"Graduate",110,32
"Dropout",107.5,22
"Dropout",130,32
"Dropout",111.6,35
"Dropout",101,23
"Enrolled",108.3,39
"Dropout",128.2,35
"Graduate",150,32
"Dropout",142.8,20
"Enrolled",100,34
"Dropout",150,44
"Graduate",156.5,53
"Dropout",98.6,28
"Dropout",130,31
"Enrolled",118.1,18
"Dropout",120,44
"Graduate",127.7,19
"Enrolled",130,21
"Dropout",147.7,18
"Graduate",170,20
"Graduate",110.2,55
"Enrolled",146.4,27
"Dropout",121,19
"Graduate",129.9,18
"Dropout",132,43
"Dropout",125.9,18
"Dropout",165.7,18
"Dropout",122.7,20
"Dropout",141.4,29
"Dropout",156.4,44
"Enrolled",148.5,18
"Enrolled",140,20
"Dropout",131.7,20
"Dropout",104.7,36
"Enrolled",150,19
"Dropout",110,29
"Dropout",129.1,18
"Dropout",120,24
"Graduate",127,20
"Dropout",151.5,45
"Graduate",126.8,28
"Enrolled",140.8,23
"Graduate",125.6,18
"Dropout",127.8,23
"Enrolled",120,22
"Graduate",131.3,22
"Graduate",155.7,33
"Graduate",128.5,21
"Graduate",170,45
"Dropout",100,44
"Dropout",107.2,42
"Dropout",139.3,20
"Enrolled",123.2,20
"Graduate",122.3,20
"Enrolled",127.9,20
"Enrolled",120.3,19
"Dropout",128.5,26
"Graduate",150,31
"Graduate",136.1,19
"Graduate",128,28
"Graduate",158.1,20
"Graduate",108.7,43
"Dropout",110,25
"Dropout",120,40
"Graduate",150,20
"Graduate",113,46
"Graduate",118.6,26
"Graduate",148.8,34
"Dropout",120.3,19
"Graduate",127,18
"Graduate",113.8,18
"Graduate",108,37
"Graduate",129.1,23
"Graduate",135.9,26
"Dropout",154.4,18
"Enrolled",190,18
"Graduate",132.5,19
"Graduate",163.3,18
"Dropout",122.5,19
"Enrolled",121,20
"Graduate",131.8,22
"Graduate",135,18
"Graduate",141.7,18
"Graduate",131.3,18
"Graduate",123.9,18
"Graduate",126.1,18
"Graduate",126.5,19
"Dropout",107.3,20
"Dropout",95,19
"Graduate",116.1,18
"Dropout",134.6,18
"Graduate",128,18
"Graduate",144.2,18
"Graduate",129.5,18
"Graduate",116.8,18
"Graduate",160,20
"Graduate",127.1,19
"Enrolled",126.3,18
"Graduate",112.9,19
"Enrolled",130.2,19
"Enrolled",100,19
"Graduate",121.6,19
"Graduate",130,20
"Graduate",121.7,18
"Dropout",120,33
"Dropout",143.5,19
"Graduate",128.3,18
"Dropout",111.9,19
"Enrolled",140,19
"Graduate",137.6,18
"Graduate",135,20
"Graduate",133.8,19
"Graduate",126.9,18
"Dropout",106.7,19
"Graduate",145.7,25
"Enrolled",153.1,20
"Graduate",118.7,19
"Dropout",161.8,33
"Enrolled",124.9,18
"Enrolled",150.8,18
"Graduate",130,19
"Enrolled",163.6,18
"Enrolled",115,19
"Dropout",136.8,18
"Graduate",130.9,18
"Graduate",127,18
"Dropout",120,37
"Enrolled",126,20
"Graduate",153.8,20
"Graduate",140,21
"Graduate",136.6,18
"Enrolled",105,26
"Enrolled",139.4,41
"Graduate",140,18
"Graduate",130.8,18
"Graduate",138.8,31
"Graduate",110,23
"Graduate",127.8,19
"Graduate",134.2,20
"Graduate",143,40
"Dropout",120,32
"Dropout",113.2,24
"Graduate",135.8,18
"Graduate",143.5,18
"Graduate",148.9,18
"Dropout",115.6,27
"Graduate",159.3,18
"Enrolled",138.5,26
"Graduate",133.2,19
"Graduate",117.6,19
"Enrolled",108.7,21
"Enrolled",106,24
"Dropout",122.6,20
"Enrolled",127.4,18
"Dropout",100,30
"Enrolled",95,22
"Graduate",130,21
"Dropout",122.8,26
"Enrolled",115,23
"Graduate",145.9,18
"Dropout",143,21
"Dropout",100,18
"Enrolled",121.3,21
"Enrolled",121.2,18
"Dropout",125.1,19
"Enrolled",112.9,22
"Graduate",120.8,19
"Dropout",114,19
"Dropout",132.1,19
"Graduate",160,27
"Graduate",134,22
"Dropout",124.2,18
"Graduate",115.6,20
"Dropout",128.2,34
"Graduate",132.8,18
"Graduate",123.1,20
"Graduate",125.6,20
"Dropout",115,25
"Dropout",123.6,18
"Dropout",141.7,18
"Dropout",139,18
"Graduate",118,19
"Dropout",142,19
"Graduate",143.4,21
"Enrolled",115.9,29
"Graduate",105.1,20
"Graduate",138,21
"Dropout",114.7,34
"Graduate",130.5,20
"Dropout",134.3,24
"Graduate",137.5,18
"Enrolled",125.3,19
"Enrolled",111.3,18
"Enrolled",144.8,28
"Dropout",152.1,28
"Dropout",126.1,20
"Graduate",136,22
"Graduate",124.3,19
"Enrolled",129.9,20
"Dropout",136.1,26
"Dropout",115.1,21
"Graduate",143.6,18
"Graduate",115.8,18
"Graduate",149,22
"Dropout",100,36
"Graduate",133.4,20
"Dropout",122.8,20
"Dropout",151.2,25
"Graduate",137,35
"Dropout",118,22
"Enrolled",126.4,26
"Dropout",130,20
"Dropout",112.5,50
"Dropout",118.3,20
"Enrolled",121.4,20
"Dropout",140,35
"Graduate",109,19
"Dropout",110,43
"Graduate",119.8,19
"Graduate",130,25
"Graduate",167.3,19
"Enrolled",111.9,20
"Dropout",136,22
"Dropout",124,19
"Dropout",132.9,32
"Graduate",154,57
"Dropout",115,20
"Dropout",96,38
"Graduate",168.2,45
"Dropout",140,43
"Graduate",137.4,19
"Dropout",150,49
"Enrolled",100.5,43
"Dropout",148.5,34
"Enrolled",123.3,18
"Graduate",138.7,43
"Dropout",117.2,21
"Enrolled",114.3,40
"Graduate",125.3,19
"Enrolled",97,27
"Dropout",140,43
"Graduate",124,31
"Enrolled",140,26
"Graduate",127,34
"Graduate",110,30
"Dropout",170,36
"Dropout",120,46
"Graduate",130,22
"Dropout",130,27
"Enrolled",122.5,20
"Enrolled",115.7,20
"Dropout",120,31
"Enrolled",166,20
"Dropout",132.8,21
"Dropout",100,21
"Graduate",121.8,19
"Graduate",109.5,20
"Graduate",138.3,18
"Graduate",131.6,18
"Enrolled",125.3,30
"Dropout",101.5,34
"Enrolled",109.1,21
"Dropout",123.9,20
"Graduate",143,18
"Dropout",126.3,21
"Dropout",113.3,26
"Dropout",119.9,20
"Dropout",140,25
"Enrolled",108,19
"Dropout",100,24
"Graduate",132.4,20
"Dropout",137.1,20
"Graduate",138.1,18
"Enrolled",130,25
"Graduate",109.7,22
"Dropout",128.2,41
"Dropout",117.8,19
"Graduate",150,21
"Dropout",160,30
"Graduate",104.5,21
"Enrolled",112.8,26
"Graduate",100,21
"Graduate",132.5,18
"Graduate",123.3,19
"Graduate",128.9,18
"Enrolled",128.3,19
"Enrolled",100,21
"Dropout",120.1,18
"Graduate",160,24
"Enrolled",123,21
"Graduate",150,23
"Graduate",124,18
"Enrolled",120,26
"Graduate",120.4,20
"Graduate",131.6,18
"Graduate",104.2,20
"Enrolled",122,20
"Enrolled",110.7,18
"Graduate",121.7,22
"Graduate",126,20
"Graduate",128.4,19
"Dropout",134.9,18
"Graduate",143.9,18
"Graduate",145,19
"Graduate",132,19
"Graduate",136.1,24
"Graduate",138.9,21
"Graduate",102,20
"Dropout",123,28
"Graduate",137.5,21
"Enrolled",102.2,20
"Dropout",105.3,36
"Dropout",130,42
"Dropout",122.5,47
"Dropout",112,25
"Graduate",110,25
"Dropout",149.5,48
"Graduate",141,32
"Dropout",130,38
"Graduate",130,37
"Dropout",104,26
"Dropout",110,23
"Enrolled",120,23
"Enrolled",130,20
"Dropout",127,26
"Enrolled",100,45
"Enrolled",111,26
"Graduate",130,26
"Enrolled",130.1,25
"Graduate",127.5,18
"Graduate",130,27
"Dropout",115,24
"Graduate",126.8,20
"Dropout",116.7,18
"Graduate",128.5,18
"Graduate",127.5,18
"Enrolled",117.5,19
"Graduate",148.8,19
"Enrolled",120.2,19
"Graduate",127.3,18
"Enrolled",136.1,18
"Enrolled",122.4,19
"Graduate",130,23
"Graduate",121.7,21
"Graduate",122.7,18
"Dropout",129.2,20
"Enrolled",105,23
"Enrolled",129.9,20
"Graduate",136.3,18
"Graduate",114.9,29
"Dropout",102,28
"Enrolled",111.3,19
"Dropout",130.9,24
"Dropout",100,33
"Dropout",112.9,19
"Graduate",112.7,19
"Graduate",143,37
"Graduate",155.1,18
"Enrolled",127.6,29
"Graduate",146.6,37
"Dropout",141,36
"Graduate",120.6,19
"Graduate",110,33
"Dropout",108.6,34
"Graduate",134.9,18
"Dropout",120,20
"Graduate",141.3,19
"Graduate",135.6,20
"Graduate",121.5,19
"Graduate",125,19
"Graduate",119.1,22
"Enrolled",126.6,18
"Graduate",116.7,18
"Enrolled",120.1,19
"Graduate",124.9,19
"Dropout",114,31
"Graduate",131.1,18
"Graduate",129.3,19
"Graduate",129.7,18
"Graduate",120.8,19
"Graduate",135,19
"Enrolled",117.8,19
"Graduate",130,30
"Enrolled",117.6,18
"Graduate",130.8,18
"Dropout",111.9,21
"Graduate",145.9,19
"Enrolled",109.1,19
"Enrolled",120.3,19
"Dropout",113.5,19
"Graduate",135.4,19
"Graduate",130.2,39
"Enrolled",136.4,18
"Dropout",126.9,20
"Graduate",119.8,19
"Enrolled",124.4,18
"Enrolled",120,34
"Enrolled",111.8,22
"Graduate",130,24
"Graduate",138,34
"Dropout",114.6,46
"Enrolled",108,50
"Dropout",140,37
"Graduate",134.7,18
"Enrolled",110,25
"Graduate",104.8,46
"Graduate",126.5,30
"Dropout",118.1,37
"Enrolled",119.9,50
"Graduate",160,20
"Dropout",100.5,39
"Dropout",110,53
"Dropout",100,54
"Graduate",140,19
"Dropout",109,20
"Graduate",120.9,18
"Graduate",125.8,21
"Graduate",161.2,18
"Dropout",122,19
"Dropout",127.9,18
"Graduate",135.8,19
"Dropout",149.7,18
"Graduate",137.3,19
"Enrolled",106,48
"Graduate",110,34
"Graduate",146.4,18
"Graduate",121,50
"Graduate",125.2,41
"Dropout",119.6,22
"Graduate",142.8,43
"Dropout",123.5,50
"Graduate",100,60
"Enrolled",140,41
"Graduate",150.3,47
"Graduate",128.2,22
"Dropout",114.3,41
"Enrolled",117.3,28
"Graduate",120,32
"Dropout",110.7,50
"Enrolled",118,53
"Dropout",169.2,54
"Enrolled",106.8,49
"Dropout",100,34
"Dropout",144.5,45
"Graduate",134.5,47
"Enrolled",114.3,22
"Dropout",113.4,33
"Graduate",128,43
"Graduate",120,54
"Graduate",147.5,39
"Graduate",120.7,39
"Graduate",153.7,18
"Graduate",121.9,19
"Graduate",119.4,18
"Graduate",157.8,44
"Dropout",154,27
"Graduate",135.9,18
"Dropout",130,45
"Graduate",118.9,20
"Graduate",152.4,40
"Enrolled",147.8,40
"Graduate",100,18
"Graduate",129,21
"Graduate",148.9,20
"Enrolled",120,36
"Dropout",170,27
"Graduate",130,32
"Graduate",119.2,18
"Dropout",129,37
"Graduate",132.5,19
"Graduate",115,41
"Graduate",128,18
"Graduate",125.1,21
"Dropout",140,23
"Dropout",120.9,18
"Graduate",135.3,18
"Dropout",125.2,21
"Graduate",135.7,19
"Dropout",110,47
"Enrolled",119,48
"Graduate",110,39
"Graduate",115.2,19
"Dropout",112.9,38
"Dropout",119.4,27
"Graduate",152.9,18
"Enrolled",117.5,34
"Dropout",98.5,48
"Dropout",108,25
"Graduate",120,32
"Graduate",150.2,18
"Graduate",139.2,20
"Graduate",130,20
"Dropout",115.7,20
"Enrolled",127,19
"Dropout",118.1,39
"Dropout",119.1,29
"Dropout",111.9,36
"Graduate",130.5,18
"Dropout",135,51
"Dropout",130,23
"Dropout",150,21
"Dropout",150.2,28
"Enrolled",127.1,34
"Dropout",107.5,41
"Graduate",130,43
"Enrolled",152.8,28
"Graduate",160.1,19
"Graduate",140,26
"Graduate",110.7,18
"Dropout",138.3,45
"Dropout",150,19
"Graduate",112.3,20
"Graduate",122,18
"Dropout",141.7,27
"Graduate",118.4,20
"Graduate",128.7,18
"Enrolled",100,35
"Dropout",100.8,26
"Graduate",125.5,39
"Graduate",124,18
"Dropout",130,36
"Graduate",160.5,38
"Dropout",100,45
"Graduate",103,62
"Graduate",103,20
"Graduate",131.5,18
"Dropout",121.4,18
"Graduate",137.3,23
"Dropout",138.4,19
"Graduate",131.1,19
"Graduate",100,18
"Enrolled",133,18
"Graduate",100,41
"Graduate",159,51
"Graduate",120.6,24
"Dropout",134,25
"Enrolled",139.4,18
"Graduate",116.5,20
"Dropout",113.9,19
"Graduate",130,41
"Graduate",129.9,19
"Dropout",133.7,28
"Graduate",124.8,21
"Dropout",133.6,22
"Graduate",133.5,18
"Graduate",128,19
"Graduate",127.2,19
"Graduate",150,25
"Graduate",127.8,18
"Graduate",125.2,19
"Enrolled",110,20
"Graduate",100,46
"Graduate",151.4,19
"Enrolled",125.1,18
"Graduate",163.3,18
"Graduate",118,19
"Dropout",140.2,20
"Graduate",128.5,38
"Graduate",131.5,18
"Graduate",132.6,18
"Graduate",122.1,18
"Enrolled",112,20
"Graduate",133,19
"Dropout",127,37
"Enrolled",130,24
"Graduate",136.4,19
"Dropout",129,19
"Dropout",119,19
"Graduate",128,18
"Graduate",117.1,18
"Graduate",136.3,18
"Enrolled",124.6,19
"Dropout",130.7,18
"Graduate",115.2,20
"Graduate",130.2,20
"Dropout",128.5,18
"Graduate",95,20
"Graduate",119.4,18
"Dropout",123.5,19
"Graduate",133.9,18
"Graduate",145.2,20
"Graduate",118.8,18
"Graduate",123.4,19
"Graduate",123,19
"Graduate",118.4,19
"Graduate",131.6,18
"Dropout",122.3,19
"Graduate",151.7,24
"Graduate",176,18
"Graduate",133,18
"Enrolled",139.8,18
"Dropout",119.6,19
"Graduate",134,35
"Graduate",132,19
"Dropout",130,28
"Graduate",141.4,21
"Graduate",128.9,19
"Graduate",118.1,19
"Graduate",130.6,18
"Graduate",122,18
"Dropout",123,19
"Graduate",126.7,20
"Graduate",126.6,18
"Dropout",125.4,19
"Dropout",136.1,20
"Enrolled",128.8,18
"Graduate",111.1,18
"Graduate",135.9,21
"Graduate",119.6,19
"Graduate",116.7,19
"Enrolled",126,19
"Dropout",134.2,18
"Graduate",123,18
"Graduate",123.9,18
"Dropout",120,31
"Enrolled",112.3,19
"Graduate",123,20
"Dropout",122.3,19
"Graduate",122.8,19
"Dropout",160,27
"Graduate",120.1,18
"Dropout",142.4,32
"Graduate",127.3,18
"Graduate",125.5,19
"Enrolled",137.4,19
"Dropout",122,18
"Dropout",107.5,18
"Graduate",104,24
"Graduate",133.1,19
"Dropout",113.3,21
"Graduate",130,19
"Enrolled",124.3,19
"Graduate",105,36
"Dropout",144,51
"Enrolled",111.9,20
"Dropout",107.5,29
"Dropout",127.4,27
"Enrolled",149,33
"Dropout",120,57
"Enrolled",143.6,20
"Dropout",120,26
"Enrolled",128,27
"Graduate",118.2,19
"Dropout",160,23
"Graduate",152.4,27
"Graduate",116.6,20
"Graduate",141.6,19
"Dropout",105.5,19
"Graduate",116.3,20
"Enrolled",110,33
"Graduate",119.5,22
"Graduate",125,18
"Graduate",160,27
"Dropout",150,27
"Graduate",115,19
"Enrolled",128.4,20
"Graduate",112.8,23
"Graduate",131,22
"Dropout",121.6,18
"Graduate",110,18
"Graduate",148.5,31
"Dropout",118.3,19
"Enrolled",135.9,19
"Dropout",115.8,24
"Graduate",121.2,19
"Graduate",136.2,19
"Dropout",100.2,26
"Dropout",152.7,27
"Graduate",123.1,19
"Dropout",130,29
"Graduate",125,18
"Graduate",113.1,19
"Enrolled",121.1,18
"Graduate",162.3,18
"Dropout",132,19
"Graduate",130.7,19
"Dropout",122.3,19
"Enrolled",144.1,19
"Graduate",118.2,19
"Graduate",133.5,19
"Dropout",126.8,18
"Graduate",121,20
"Graduate",117.7,20
"Enrolled",115,21
"Dropout",129.2,31
"Graduate",125.8,20
"Enrolled",118.4,19
"Graduate",142,18
"Graduate",126.7,19
"Graduate",109.3,30
"Enrolled",116.9,21
"Graduate",121.7,19
"Graduate",117.1,22
"Graduate",114.4,18
"Graduate",133,18
"Graduate",118.8,19
"Graduate",151,18
"Enrolled",119.6,21
"Enrolled",135.4,18
"Graduate",149.9,20
"Graduate",120.1,18
"Graduate",173.3,25
"Graduate",126.2,19
"Enrolled",126.9,19
"Graduate",157.4,26
"Graduate",120.2,21
"Dropout",124.8,19
"Graduate",130.3,19
"Graduate",152.4,18
"Graduate",113.5,32
"Graduate",125.7,18
"Enrolled",102.4,20
"Enrolled",125.7,20
"Graduate",120,39
"Enrolled",109.3,20
"Dropout",162.2,18
"Graduate",155.7,18
"Graduate",147.7,21
"Enrolled",115.6,18
"Enrolled",117.8,18
"Graduate",125,21
"Dropout",129.8,22
"Enrolled",123.1,21
"Enrolled",122.8,20
"Graduate",117.3,21
"Graduate",126.5,20
"Graduate",123,19
"Graduate",127.7,20
"Graduate",117.5,19
"Graduate",128.4,18
"Dropout",124.1,18
"Dropout",140.9,24
"Dropout",126.2,21
"Graduate",120.5,18
"Graduate",121.1,20
"Dropout",123.7,20
"Dropout",116.9,18
"Graduate",100,25
"Enrolled",120.2,19
"Dropout",153.8,35
"Graduate",120.1,19
"Dropout",128.1,18
"Graduate",126.8,19
"Enrolled",125.7,19
"Graduate",146.2,18
"Dropout",140,24
"Graduate",134.5,25
"Enrolled",137,28
"Graduate",107.5,19
"Dropout",112.2,19
"Dropout",128.2,30
"Dropout",126.8,19
"Dropout",132.1,21
"Dropout",110,19
"Dropout",100,29
"Dropout",114.3,18
"Enrolled",116.4,21
"Dropout",116.9,20
"Enrolled",128.2,24
"Dropout",127,18
"Enrolled",140,23
"Graduate",120,19
"Dropout",110,35
"Graduate",127,20
"Dropout",159.5,33
"Graduate",135.2,18
"Enrolled",122.8,20
"Dropout",118,19
"Dropout",123.6,18
"Dropout",111,28
"Graduate",144.6,18
"Dropout",111.8,25
"Dropout",122.1,19
"Graduate",119.9,18
"Graduate",130,29
"Enrolled",118.4,18
"Graduate",112.6,20
"Dropout",150,20
"Graduate",165.8,18
"Graduate",101.7,21
"Dropout",124.3,18
"Graduate",122.1,20
"Enrolled",134.7,23
"Dropout",154.5,26
"Dropout",128.8,19
"Dropout",106,24
"Graduate",146.2,20
"Dropout",116.9,26
"Dropout",118.2,31
"Graduate",105.7,27
"Graduate",126.9,24
"Enrolled",150,23
"Graduate",108.4,20
"Graduate",114.2,20
"Graduate",140,24
"Enrolled",142.5,39
"Graduate",126.5,18
"Dropout",111.3,20
"Graduate",125.1,18
"Graduate",126.3,19
"Graduate",142.2,18
"Enrolled",110.2,22
"Graduate",127,18
"Graduate",128.6,18
"Enrolled",130.4,30
"Graduate",134.4,34
"Dropout",100,38
"Graduate",133,19
"Dropout",126.7,19
"Dropout",129,21
"Graduate",133.7,18
"Graduate",122.2,20
"Graduate",128.9,18
"Graduate",154.4,18
"Dropout",130,36
"Graduate",113,18
"Dropout",123.3,21
"Dropout",130,21
"Graduate",101.3,18
"Graduate",113.7,18
"Graduate",138.8,19
"Graduate",140,29
"Graduate",130,20
"Graduate",132.5,18
"Graduate",117.4,19
"Graduate",109.8,19
"Dropout",116.5,37
"Graduate",165.2,18
"Dropout",113,21
"Graduate",123.3,19
"Graduate",116.7,19
"Enrolled",110,35
"Dropout",118.9,30
"Dropout",103.6,27
"Dropout",122.7,45
"Graduate",113.5,50
"Graduate",128.2,41
"Enrolled",120,26
"Dropout",130,44
"Graduate",110,23
"Dropout",117.7,34
"Graduate",99.6,21
"Dropout",117.9,22
"Graduate",113,32
"Graduate",124.4,20
"Dropout",140,59
"Enrolled",132.4,30
"Graduate",124,18
"Enrolled",132,25
"Graduate",149.8,36
"Dropout",160,36
"Dropout",114.6,19
"Graduate",120,25
"Graduate",100,35
"Dropout",128.5,20
"Dropout",113,35
"Dropout",150.8,27
"Enrolled",130.8,18
"Enrolled",114.5,23
"Graduate",114.8,19
"Enrolled",126.2,18
"Dropout",129,26
"Graduate",110.5,19
"Dropout",132.5,19
"Dropout",130.7,18
"Graduate",130.4,19
"Graduate",124.3,19
"Graduate",132.6,19
"Graduate",146.7,21
"Graduate",130.1,18
"Graduate",120,33
"Graduate",121.3,32
"Graduate",133.3,17
"Dropout",110.5,31
"Graduate",102.5,32
"Dropout",150.9,18
"Enrolled",106.6,31
"Enrolled",118.3,20
"Dropout",117.9,40
"Graduate",135,32
"Dropout",120,40
"Graduate",167.1,18
"Dropout",115.8,28
"Graduate",141.2,19
"Graduate",118.4,19
"Dropout",134.3,21
"Dropout",128.7,22
"Dropout",116.1,18
"Dropout",100,27
"Enrolled",118.8,19
"Graduate",130,30
"Dropout",150,28
"Enrolled",116,34
"Enrolled",99,21
"Graduate",132,20
"Dropout",125,31
"Dropout",116.2,21
"Dropout",100,27
"Graduate",132.9,19
"Enrolled",132.5,21
"Dropout",140,21
"Dropout",100.1,35
"Dropout",128.2,28
"Enrolled",133.4,24
"Dropout",136.1,19
"Enrolled",123,20
"Graduate",130.3,20
"Enrolled",153.7,19
"Dropout",142.5,37
"Dropout",114.6,19
"Dropout",108.5,36
"Dropout",140,29
"Graduate",120,30
"Dropout",120,32
"Enrolled",127.6,26
"Dropout",140,37
"Dropout",111.3,27
"Graduate",131,18
"Graduate",139.5,18
"Dropout",110,32
"Enrolled",130,20
"Dropout",115,22
"Dropout",154.3,32
"Enrolled",135,21
"Dropout",115.2,19
"Graduate",130.6,18
"Graduate",117.4,18
"Dropout",150,38
"Dropout",131.3,21
"Dropout",120.4,21
"Enrolled",113.6,26
"Graduate",125,19
"Enrolled",132.3,19
"Dropout",142.7,18
"Dropout",130,25
"Graduate",120.8,19
"Graduate",130.3,18
"Graduate",119.9,19
"Graduate",110.5,22
"Graduate",160,21
"Graduate",118.6,21
"Graduate",112.3,20
"Enrolled",124.4,19
"Graduate",125,18
"Dropout",105.8,26
"Dropout",121.5,31
"Graduate",134.2,18
"Dropout",130,35
"Enrolled",122.8,19
"Graduate",108.7,19
"Graduate",136.7,18
"Graduate",119.1,20
"Graduate",151.3,19
"Enrolled",108.3,21
"Graduate",127.4,18
"Graduate",124,23
"Graduate",155,21
"Graduate",114,19
"Enrolled",118.9,19
"Graduate",160,20
"Enrolled",126.1,18
"Graduate",136.5,18
"Graduate",122.3,19
"Graduate",128,21
"Graduate",156.5,18
"Enrolled",125.7,20
"Graduate",143,18
"Graduate",131.9,18
"Enrolled",113.7,32
"Graduate",155.1,18
"Enrolled",121.1,19
"Graduate",130.3,18
"Dropout",123.3,18
"Graduate",117.4,20
"Enrolled",140.3,19
"Graduate",120,19
"Enrolled",133.4,18
"Dropout",126.7,18
"Graduate",129.3,18
"Enrolled",125.7,20
"Enrolled",144.8,19
"Dropout",98.6,21
"Graduate",126.9,19
"Graduate",146.7,20
"Graduate",117,21
"Dropout",130,23
"Dropout",125.8,18
"Dropout",160,30
"Dropout",134.2,20
"Dropout",96,29
"Enrolled",101.8,24
"Graduate",125.2,20
"Dropout",100,27
"Dropout",140,23
"Graduate",120,23
"Graduate",134.3,18
"Graduate",144.7,19
"Dropout",131.9,19
"Dropout",136.7,18
"Graduate",129.8,19
"Graduate",146.5,18
"Enrolled",122.5,29
"Graduate",117.8,24
"Dropout",106,19
"Enrolled",119,19
"Enrolled",115.1,19
"Graduate",116.9,20
"Graduate",141.7,18
"Dropout",127.7,18
"Graduate",122.1,19
"Dropout",153.5,19
"Graduate",141.4,18
"Graduate",135.8,19
"Graduate",127.5,18
"Enrolled",151.6,24
"Enrolled",121.4,28
"Graduate",100,20
"Graduate",131.5,19
"Dropout",109.3,22
"Graduate",127.9,19
"Graduate",140,36
"Graduate",160,19
"Graduate",119.8,18
"Dropout",153,40
"Graduate",125,19
"Enrolled",103.7,38
"Dropout",120,32
"Enrolled",146,19
"Graduate",116.9,19
"Dropout",117.9,35
"Enrolled",128.6,20
"Graduate",135,29
"Enrolled",124.6,29
"Enrolled",124,19
"Graduate",129.5,18
"Graduate",111.3,25
"Dropout",95,50
"Dropout",131.8,24
"Dropout",119.1,18
"Graduate",125.4,20
"Graduate",140.7,20
"Dropout",131.9,21
"Enrolled",124,28
"Graduate",139.2,19
"Graduate",121.8,18
"Graduate",132.9,22
"Dropout",130,25
"Dropout",130.1,37
"Dropout",124.5,38
"Dropout",162.3,36
"Graduate",137.8,18
"Dropout",119.5,19
"Dropout",110,24
"Graduate",105,20
"Dropout",142.8,21
"Dropout",128.2,32
"Dropout",120,39
"Dropout",130,33
"Graduate",121.7,20
"Graduate",116,19
"Dropout",133.2,43
"Dropout",116.7,49
"Graduate",126.4,18
"Enrolled",140,27
"Dropout",120.3,19
"Dropout",118,45
"Graduate",149.5,19
"Graduate",130,21
"Graduate",126.3,18
"Dropout",116.2,18
"Dropout",126,29
"Graduate",122.3,19
"Enrolled",119.5,18
"Graduate",131.8,22
"Dropout",130.7,18
"Enrolled",140,20
"Dropout",129.5,20
"Dropout",130,29
"Dropout",114,29
"Enrolled",121,23
"Dropout",116.4,19
"Dropout",121.7,18
"Dropout",130,22
"Dropout",120,34
"Graduate",125,26
"Dropout",134.1,24
"Graduate",149.5,17
"Enrolled",113.2,21
"Enrolled",146,34
"Graduate",140,19
"Dropout",162.4,49
"Dropout",136.6,23
"Dropout",111,18
"Enrolled",115.7,20
"Graduate",105.7,19
"Enrolled",128.2,24
"Graduate",137,18
"Dropout",120,45
"Dropout",120.5,30
"Dropout",118.1,28
"Dropout",139,40
"Dropout",116.3,32
"Dropout",120.5,19
"Graduate",134.9,20
"Dropout",123,18
"Dropout",122.9,20
"Enrolled",140,39
"Enrolled",122.5,19
"Enrolled",121.5,38
"Graduate",132.3,18
"Graduate",131.5,18
"Dropout",128.2,28
"Dropout",148,31
"Graduate",121.5,23
"Enrolled",135.4,21
"Dropout",139,33
"Dropout",113.4,22
"Dropout",150,20
"Enrolled",122,19
"Graduate",150,20
"Enrolled",119.3,25
"Dropout",140,25
"Enrolled",125,19
"Graduate",140.7,20
"Enrolled",100,33
"Graduate",146.7,19
"Dropout",96,31
"Dropout",160,24
"Dropout",130,23
"Dropout",130,26
"Graduate",140,38
"Graduate",116.6,20
"Graduate",120.5,20
"Dropout",103,25
"Graduate",111.9,19
"Graduate",148.7,18
"Dropout",120,28
"Enrolled",125.7,18
"Graduate",120.1,20
"Graduate",127.8,18
"Graduate",106.4,19
"Dropout",100,24
"Dropout",123.9,21
"Graduate",139.5,20
"Graduate",150,21
"Graduate",139.8,24
"Dropout",154.4,27
"Enrolled",115.5,19
"Graduate",119,39
"Dropout",96.1,25
"Dropout",130,18
"Graduate",128.8,19
"Graduate",126.8,21
"Dropout",130,27
"Enrolled",116.7,19
"Enrolled",125.5,18
"Dropout",110,27
"Dropout",133.7,18
"Enrolled",117.6,19
"Dropout",140,19
"Enrolled",150,22
"Graduate",133.7,18
"Graduate",137,18
"Dropout",128.2,23
"Dropout",129.2,20
"Graduate",129.5,18
"Graduate",129.6,18
"Enrolled",121.7,18
"Graduate",141.8,20
"Graduate",129.8,20
"Dropout",106,21
"Enrolled",121.6,22
"Dropout",121.5,20
"Enrolled",117,19
"Enrolled",130,19
"Graduate",117.7,20
"Dropout",140,19
"Dropout",133.1,19
"Enrolled",100,24
"Dropout",119.1,18
"Enrolled",129.8,18
"Dropout",131.3,18
"Graduate",136.7,18
"Graduate",126.2,21
"Dropout",109.6,18
"Graduate",131.9,18
"Graduate",140.7,18
"Dropout",120.7,23
"Graduate",113.8,21
"Enrolled",121,20
"Dropout",112.4,26
"Enrolled",131,18
"Dropout",142.7,18
"Graduate",125.5,19
"Graduate",107.8,20
"Dropout",110.4,19
"Enrolled",136.1,21
"Graduate",138.3,33
"Graduate",142.3,18
"Graduate",145,21
"Graduate",125.7,19
"Enrolled",108,33
"Graduate",128.7,18
"Graduate",128,18
"Graduate",146.5,20
"Dropout",106.1,20
"Graduate",118,20
"Graduate",117,19
"Graduate",115.4,19
"Graduate",117,21
"Enrolled",144.9,26
"Dropout",127,21
"Graduate",118,18
"Dropout",118,27
"Graduate",126.4,20
"Enrolled",110,21
"Graduate",124.4,18
"Enrolled",140,20
"Graduate",129.4,18
"Graduate",141.7,20
"Graduate",132.1,19
"Graduate",116.8,20
"Graduate",135,20
"Enrolled",150,20
"Dropout",116,19
"Graduate",155,18
"Graduate",127,18
"Graduate",130.8,19
"Dropout",121.8,19
"Enrolled",140,43
"Dropout",148.5,47
"Dropout",109.8,23
"Graduate",119.7,19
"Graduate",122,20
"Graduate",147.5,19
"Graduate",150.8,19
"Graduate",150,19
"Graduate",131.5,39
"Graduate",127.2,20
"Graduate",111,21
"Graduate",119.9,22
"Dropout",133.7,19
"Graduate",140,22
"Graduate",113.9,19
"Dropout",120.7,18
"Enrolled",119.8,26
"Dropout",121.8,36
"Graduate",117.7,20
"Dropout",110,30
"Dropout",134.4,24
"Dropout",125.3,26
"Dropout",119.1,19
"Graduate",146,34
"Enrolled",130,33
"Graduate",122,19
"Dropout",118.1,26
"Dropout",105.2,29
"Dropout",123.3,19
"Dropout",124.8,18
"Dropout",149.4,29
"Graduate",108.5,21
"Enrolled",125,19
"Graduate",101,20
"Dropout",112.9,18
"Enrolled",120.2,18
"Enrolled",111.6,21
"Dropout",134.1,20
"Dropout",101.6,30
"Graduate",111.9,19
"Dropout",118.4,30
"Graduate",127.1,22
"Graduate",120.5,22
"Dropout",136.1,19
"Dropout",124,21
"Graduate",141.6,21
"Dropout",160,21
"Dropout",110,27
"Dropout",100,32
"Dropout",120,40
"Enrolled",124.8,20
"Dropout",140,20
"Graduate",124.3,18
"Dropout",118.9,21
"Dropout",130.2,18
"Enrolled",120,19
"Dropout",140,30
"Dropout",130,29
"Dropout",130.4,18
"Dropout",116.1,18
"Dropout",130,22
"Dropout",124.3,27
"Graduate",125,20
"Graduate",110,42
"Graduate",115,21
"Graduate",129.6,23
"Dropout",128.8,21
"Graduate",144.2,19
"Dropout",134,40
"Dropout",112,22
"Graduate",128.8,19
"Enrolled",134,24
"Enrolled",125,21
"Graduate",123.2,18
"Dropout",118.4,18
"Dropout",116.2,24
"Enrolled",123,28
"Graduate",113.5,19
"Enrolled",125,28
"Dropout",134.8,18
"Graduate",149.9,19
"Graduate",119.8,19
"Graduate",125,21
"Dropout",135.1,18
"Graduate",138.3,19
"Graduate",122.5,19
"Graduate",148,20
"Graduate",126.2,18
"Graduate",129.8,20
"Dropout",104,26
"Dropout",126.7,18
"Graduate",120,58
"Graduate",124.6,18
"Enrolled",130,20
"Dropout",127.3,20
"Graduate",122,29
"Dropout",125.1,27
"Graduate",110,21
"Graduate",129.8,20
"Graduate",114.9,19
"Graduate",125.6,22
"Graduate",125.1,19
"Dropout",115.7,19
"Enrolled",112.6,23
"Dropout",127.2,18
"Dropout",140,19
"Graduate",140,20
"Graduate",120.4,19
"Dropout",100,26
"Graduate",113.5,18
"Dropout",132.1,29
"Graduate",160,20
"Graduate",126.3,19
"Enrolled",160,23
"Enrolled",100,25
"Graduate",125.8,18
"Graduate",142.2,19
"Graduate",119.4,18
"Enrolled",106.4,19
"Dropout",120,36
"Enrolled",150,20
"Dropout",148.6,20
"Dropout",108.7,18
"Enrolled",130,19
"Dropout",124.6,20
"Graduate",131,18
"Dropout",130,20
"Dropout",116.1,24
"Dropout",125.6,19
"Dropout",121.3,18
"Graduate",107.4,18
"Graduate",116.9,18
"Dropout",123.5,22
"Graduate",130.5,19
"Dropout",140,32
"Dropout",117.1,21
"Graduate",127.5,19
"Graduate",126,39
"Graduate",113,30
"Dropout",130.1,18
"Dropout",110,38
"Graduate",135.8,20
"Graduate",126.3,55
"Dropout",130,53
"Dropout",104,54
"Enrolled",123.6,18
"Dropout",121,44
"Graduate",130.5,28
"Graduate",180,37
"Graduate",112.5,20
"Enrolled",126.1,18
"Dropout",111.8,19
"Graduate",131.4,23
"Dropout",144.3,22
"Dropout",115,24
"Enrolled",120,22
"Dropout",168.6,26
"Graduate",127.7,18
"Dropout",150,24
"Enrolled",129.8,18
"Dropout",135.6,26
"Dropout",100,27
"Graduate",140,20
"Dropout",124.1,19
"Dropout",131.6,18
"Graduate",129,18
"Enrolled",135.7,19
"Enrolled",108,34
"Dropout",110.8,19
"Graduate",124.5,19
"Dropout",100,30
"Dropout",123.8,22
"Dropout",131.4,19
"Dropout",118.5,21
"Dropout",122,22
"Enrolled",122.9,19
"Enrolled",118.7,20
"Dropout",100,35
"Dropout",135.9,20
"Graduate",138.4,21
"Dropout",128.2,27
"Dropout",107.4,26
"Dropout",129.8,20
"Dropout",100,28
"Graduate",113,19
"Dropout",107,47
"Dropout",130,55
"Dropout",120,39
"Dropout",120.5,35
"Dropout",120.5,32
"Graduate",137,20
"Graduate",115,36
"Graduate",142.7,34
"Dropout",116.7,21
"Dropout",136.1,42
"Dropout",134.3,25
"Dropout",153,18
"Graduate",132,18
"Graduate",129.6,19
"Dropout",105,34
"Dropout",130.8,20
"Dropout",119.7,20
"Graduate",132.5,21
"Graduate",130,19
"Dropout",120,31
"Graduate",150,21
"Graduate",115.6,20
"Graduate",119.1,22
"Dropout",123.5,19
"Dropout",120,41
"Dropout",110,27
"Dropout",131.4,19
"Graduate",126.8,20
"Graduate",118.9,19
"Graduate",160,35
"Graduate",115.9,22
"Graduate",109.3,20
"Dropout",113.9,18
"Graduate",121.8,18
"Graduate",140,30
"Graduate",114.7,18
"Enrolled",120,20
"Enrolled",107.3,19
"Graduate",136.2,19
"Graduate",119.5,21
"Enrolled",106,21
"Enrolled",124.1,18
"Graduate",133.2,18
"Dropout",110,35
"Enrolled",114.8,21
"Graduate",130,18
"Enrolled",122.6,22
"Graduate",133.5,20
"Graduate",120,34
"Enrolled",120,33
"Graduate",137.3,22
"Enrolled",123.5,20
"Enrolled",131.8,35
"Dropout",130,39
"Dropout",128,19
"Graduate",95,36
"Graduate",116,21
"Enrolled",136.7,22
"Graduate",107.5,42
"Dropout",108.4,34
"Enrolled",130.7,20
"Graduate",155.9,33
"Graduate",106.1,20
"Graduate",128.6,19
"Dropout",140,34
"Graduate",145,18
"Graduate",113,24
"Graduate",137.1,18
"Enrolled",119.7,20
"Graduate",120.5,21
"Graduate",125.7,19
"Graduate",125.5,19
"Graduate",124.5,18
"Graduate",126,38
"Enrolled",136.2,21
"Enrolled",124.2,23
"Graduate",138.5,19
"Dropout",122.3,18
"Graduate",126,18
"Enrolled",135.4,24
"Graduate",146.5,18
"Graduate",121.9,18
"Graduate",130,26
"Enrolled",115.2,19
"Dropout",115.2,19
"Enrolled",125.1,19
"Dropout",108,20
"Enrolled",125.9,22
"Graduate",128,19
"Graduate",113.5,20
"Enrolled",124.6,36
"Dropout",116,29
"Graduate",124.9,19
"Dropout",140.5,24
"Dropout",179.6,27
"Graduate",116.1,18
"Graduate",139.4,18
"Dropout",129,21
"Graduate",135.6,43
"Graduate",147.8,18
"Dropout",138,21
"Dropout",150,26
"Graduate",130.8,19
"Graduate",122.6,18
"Dropout",119.1,22
"Dropout",111.8,27
"Graduate",125,18
"Graduate",129.9,19
"Graduate",131.1,18
"Graduate",141.4,19
"Dropout",120,32
"Graduate",133.4,23
"Graduate",127.3,20
"Graduate",131.8,20
"Dropout",114.8,19
"Graduate",132.8,18
"Dropout",140,21
"Enrolled",108.3,20
"Graduate",150,22
"Graduate",160,26
"Graduate",131.7,20
"Graduate",112.6,19
"Graduate",111.1,31
"Graduate",127.5,20
"Graduate",120.2,20
"Graduate",118.9,21
"Graduate",119.9,18
"Graduate",127.3,19
"Graduate",127.9,18
"Enrolled",133,40
"Graduate",114.6,18
"Graduate",144.5,18
"Graduate",125.4,19
"Graduate",145,19
"Dropout",138.1,28
"Graduate",124.6,20
"Graduate",130.8,18
"Graduate",140.5,18
"Graduate",124.1,20
"Graduate",118.4,28
"Graduate",128.2,23
"Dropout",109.5,19
"Graduate",131.1,18
"Graduate",137.9,20
"Graduate",128.2,20
"Dropout",126.5,27
"Dropout",120,18
"Graduate",123,37
"Dropout",130,42
"Dropout",141.1,20
"Dropout",140,34
"Dropout",133.6,22
"Graduate",123.5,39
"Graduate",136.3,18
"Graduate",123.5,21
"Dropout",112,34
"Graduate",160,22
"Dropout",110,31
"Dropout",116.8,19
"Dropout",109.5,19
"Dropout",100,31
"Enrolled",117.3,19
"Dropout",130,30
"Graduate",137.8,20
"Graduate",136.5,18
"Dropout",138.7,31
"Dropout",124.9,19
"Dropout",140,43
"Graduate",122.6,20
"Graduate",129.5,19
"Dropout",155,22
"Graduate",100,26
"Graduate",137.6,19
"Dropout",120,29
"Enrolled",114,20
"Enrolled",139,38
"Graduate",110,41
"Dropout",128.5,19
"Graduate",132.2,19
"Dropout",130,43
"Graduate",129.3,19
"Enrolled",128.2,19
"Graduate",130.3,18
"Dropout",162.5,19
"Dropout",130,38
"Dropout",110,37
"Graduate",142.3,26
"Enrolled",122,21
"Graduate",153.6,18
"Graduate",112.9,18
"Graduate",124.1,18
"Graduate",129.7,19
"Graduate",110,18
"Enrolled",136.3,18
"Graduate",146,19
"Dropout",129.9,19
"Graduate",140.9,18
"Graduate",135.5,18
"Graduate",122,20
"Graduate",140,22
"Dropout",163,18
"Graduate",107.4,19
"Dropout",114.3,20
"Enrolled",140.8,19
"Graduate",126.3,20
"Dropout",110,28
"Graduate",126.2,19
"Enrolled",140,22
"Graduate",123,19
"Dropout",157,18
"Graduate",149.7,18
"Graduate",140,22
"Graduate",170,20
"Graduate",130.2,24
"Enrolled",135.5,22
"Enrolled",118.3,20
"Graduate",116.3,20
"Dropout",120,35
"Graduate",154.7,18
"Graduate",132.7,19
"Graduate",130.8,18
"Dropout",122.7,18
"Enrolled",130,31
"Graduate",123.6,19
"Graduate",116.5,20
"Dropout",111.1,21
"Graduate",136.3,18
"Dropout",129.8,18
"Graduate",134.7,33
"Enrolled",131.8,18
"Dropout",126.8,18
"Enrolled",130.7,21
"Enrolled",109.8,19
"Graduate",133.9,28
"Dropout",109.9,29
"Dropout",160,36
"Graduate",106.5,32
"Enrolled",120,25
"Enrolled",107.8,33
"Dropout",100,34
"Graduate",112.5,33
"Dropout",135.5,29
"Dropout",145,18
"Graduate",119,18
"Graduate",130,38
"Graduate",126.3,19
"Graduate",113.5,39
"Graduate",120,37
"Dropout",111.3,32
"Dropout",130.2,18
"Enrolled",140.2,20
"Graduate",113.9,20
"Graduate",99,23
"Enrolled",124,19
"Graduate",138.9,18
"Graduate",130,19
"Graduate",120.8,20
"Dropout",127.8,19
"Graduate",126,19
"Graduate",126,18
"Graduate",138.5,20
"Graduate",119.4,20
"Graduate",101.5,24
"Dropout",101.5,24
"Graduate",126.2,20
"Enrolled",129.8,20
"Enrolled",138.4,18
"Graduate",129.3,18
"Graduate",113.1,21
"Graduate",144.3,18
"Graduate",141,19
"Graduate",130,22
"Graduate",117.5,19
"Graduate",131.8,18
"Enrolled",133.7,19
"Enrolled",115.4,24
"Enrolled",129.1,19
"Graduate",135.5,34
"Graduate",112.4,19
"Graduate",130.8,18
"Graduate",131.6,19
"Graduate",140.8,25
"Enrolled",140,21
"Enrolled",114.2,18
"Graduate",127.3,18
"Graduate",115,28
"Graduate",118.8,18
"Graduate",125,41
"Dropout",111.5,18
"Graduate",124.2,21
"Dropout",130,41
"Dropout",120,32
"Graduate",110,29
"Enrolled",113.3,24
"Enrolled",123.5,22
"Dropout",101,21
"Dropout",120.9,39
"Enrolled",154.6,44
"Enrolled",120.2,20
"Graduate",146.5,21
"Graduate",160.1,18
"Graduate",150,34
"Graduate",135.8,18
"Enrolled",143.8,19
"Dropout",116.8,18
"Graduate",113.9,19
"Enrolled",118,18
"Dropout",150.2,19
"Graduate",115.1,19
"Graduate",131.3,18
"Graduate",120,23
"Enrolled",110.3,18
"Dropout",100,33
"Graduate",110.7,19
"Dropout",143.4,21
"Graduate",115.9,18
"Enrolled",145,21
"Graduate",140.9,19
"Graduate",108.4,20
"Dropout",114.3,20
"Enrolled",110,20
"Enrolled",121.7,18
"Enrolled",123.7,18
"Graduate",116.5,20
"Graduate",155,21
"Graduate",129.3,19
"Graduate",121.7,18
"Enrolled",148.2,27
"Graduate",125.5,21
"Graduate",131.9,18
"Enrolled",121.8,18
"Dropout",107.7,28
"Dropout",115.5,36
"Graduate",139.8,20
"Graduate",133.2,19
"Enrolled",118.4,20
"Enrolled",123.3,19
"Graduate",134.5,28
"Graduate",110.6,20
"Graduate",154,28
"Dropout",160,24
"Enrolled",140,20
"Enrolled",132.5,22
"Graduate",127.7,18
"Dropout",117.5,22
"Graduate",127,18
"Graduate",125.5,21
"Graduate",140.5,19
"Enrolled",118.3,22
"Graduate",120.8,20
"Graduate",95,20
"Graduate",122.2,19
"Enrolled",143.9,20
"Graduate",127.2,20
"Dropout",120.2,20
"Graduate",134.8,19
"Graduate",142.6,18
"Graduate",147.9,18
"Dropout",160.4,19
"Graduate",134.6,20
"Graduate",121,22
"Graduate",142.7,18
"Graduate",115.6,19
"Graduate",130,20
"Graduate",124.3,19
"Dropout",137.9,18
"Dropout",100,20
"Graduate",128.2,19
"Enrolled",135,18
"Graduate",121,18
"Dropout",147,22
"Graduate",149.5,18
"Graduate",144.4,20
"Graduate",116,19
"Graduate",120.7,19
"Graduate",141.8,21
"Dropout",119.7,19
"Graduate",118.4,19
"Enrolled",134.5,45
"Dropout",128.2,28
"Graduate",115,28
"Enrolled",130,25
"Dropout",120.7,19
"Graduate",130.5,19
"Enrolled",107.4,20
"Enrolled",100,22
"Graduate",125,20
"Enrolled",121.5,20
"Dropout",127.2,20
"Graduate",160,27
"Graduate",120,22
"Dropout",141.5,19
"Dropout",111.4,19
"Enrolled",136.6,18
"Dropout",154.6,19
"Dropout",111.4,20
"Dropout",120.1,39
"Graduate",100,37
"Dropout",140,30
"Graduate",130,41
"Dropout",100,40
"Dropout",106.1,20
"Graduate",151.4,28
"Dropout",113.7,19
"Dropout",116.5,23
"Dropout",120,18
"Graduate",122,24
"Enrolled",117.1,21
"Graduate",120.8,19
"Dropout",141.4,19
"Dropout",110,48
"Dropout",120,38
"Graduate",120.2,19
"Dropout",138.4,30
"Graduate",150,24
"Graduate",121.8,19
"Enrolled",140,21
"Graduate",116.3,21
"Dropout",131.5,19
"Enrolled",141,18
"Graduate",138,18
"Dropout",127.5,19
"Graduate",127,19
"Enrolled",118.9,18
"Enrolled",134.5,25
"Enrolled",133,18
"Dropout",114,29
"Dropout",116.7,21
"Graduate",125.1,18
"Dropout",137.2,20
"Dropout",111.4,27
"Enrolled",105,21
"Dropout",124.3,20
"Dropout",132,28
"Enrolled",110,24
"Enrolled",134.7,22
"Graduate",136.8,20
"Graduate",160,21
"Dropout",130,23
"Graduate",128.8,18
"Graduate",148.4,20
"Graduate",130.4,19
"Graduate",126,32
"Dropout",118.7,20
"Graduate",120,32
"Enrolled",120,28
"Graduate",116.3,21
"Graduate",133.9,19
"Dropout",150.3,24
"Dropout",118.3,18
"Graduate",130,20
"Dropout",140,25
"Dropout",110.4,25
"Dropout",139.7,18
"Dropout",138.3,19
"Dropout",123.2,18
"Dropout",120,25
"Dropout",127,38
"Dropout",114.2,19
"Graduate",119.7,19
"Graduate",150,22
"Enrolled",123.5,18
"Dropout",130,32
"Graduate",124.6,37
"Dropout",119.4,21
"Dropout",121.9,18
"Graduate",110,19
"Graduate",118.7,19
"Graduate",163.1,19
"Graduate",121.7,19
"Enrolled",135,21
"Enrolled",147.9,28
"Dropout",118.1,19
"Dropout",105.3,28
"Graduate",139.8,19
"Graduate",130,32
"Dropout",127.5,26
"Dropout",120,25
"Dropout",124.2,31
"Graduate",113.4,20
"Dropout",118,19
"Dropout",130,23
"Graduate",135.9,18
"Dropout",135.8,19
"Graduate",133.1,18
"Enrolled",118.8,21
"Enrolled",117.1,20
"Graduate",114.5,24
"Enrolled",127.2,18
"Graduate",130,25
"Graduate",116.1,20
"Graduate",130.5,18
"Dropout",104,24
"Enrolled",128.5,18
"Dropout",126,21
"Graduate",141.1,18
"Dropout",102.8,20
"Dropout",129.2,19
"Graduate",119.3,20
"Graduate",126.3,20
"Graduate",140,20
"Graduate",131.5,20
"Dropout",137.6,18
"Graduate",142.8,18
"Enrolled",146.2,30
"Graduate",162.1,18
"Dropout",140,35
"Dropout",120,31
"Dropout",133.3,19
"Graduate",124.8,19
"Graduate",133.3,19
"Graduate",141.8,19
"Graduate",128.2,21
"Dropout",115,18
"Enrolled",123.6,18
"Graduate",120.2,19
"Graduate",127,18
"Graduate",120.4,18
"Dropout",120,25
"Enrolled",120,18
"Graduate",133.9,19
"Graduate",113.5,18
"Dropout",126.1,24
"Enrolled",121.2,19
"Graduate",150,29
"Dropout",100,27
"Graduate",127.3,18
"Dropout",103.8,28
"Graduate",131,32
"Dropout",133.9,30
"Dropout",140,29
"Enrolled",121.4,20
"Graduate",122,19
"Graduate",150.5,29
"Dropout",139.4,27
"Dropout",112.6,19
"Dropout",115.2,21
"Dropout",131.8,29
"Dropout",122.8,42
"Graduate",156.2,18
"Graduate",132,24
"Enrolled",130,32
"Enrolled",138.4,18
"Graduate",146.2,27
"Graduate",166,18
"Dropout",133.1,19
"Graduate",121.9,18
"Enrolled",110.4,21
"Graduate",121.4,26
"Graduate",137,22
"Dropout",140,37
"Dropout",140,24
"Enrolled",126.8,18
"Graduate",124.8,19
"Dropout",120,28
"Graduate",133,18
"Enrolled",127.5,20
"Graduate",131.7,18
"Dropout",133,47
"Graduate",122.7,38
"Graduate",121.2,20
"Dropout",150,21
"Enrolled",133.4,19
"Enrolled",121.2,25
"Graduate",129.3,18
"Dropout",117.8,46
"Graduate",131.3,23
"Graduate",133.8,20
"Graduate",120,20
"Graduate",122.2,19
"Dropout",119,18
"Dropout",149.5,30
"Graduate",153.8,20
"Graduate",152,22
