"id","Y1","Y2","Y3","Y4","Y5","Y6"
"D001",11.2078531011676,11.7557217982387,12.4081362288702,17.0306992947746,16.535703475037,16.3367769998412
"D002",9.4933999553635,13.0784763254021,7.21737247582931,17.0596926772532,14.4904055336355,13.2466591329208
"D003",12.6212157304673,9.61512041268003,11.2818250124907,16.9400072245631,18.7579628377541,14.57814686601
"D004",9.75169148917177,14.4107903502582,11.6678472793416,15.632980466918,13.5515576630043,8.36110124294901
"D005",14.0514074865069,12.1807322288863,12.8575982804949,18.1146080131669,15.2003705119315,16.5275158007412
"D006",6.34927798216233,8.48191286036895,6.93080650026244,11.795749879929,13.8864037047948,11.5599752852346
"D007",4.92798084335408,11.3169068338173,7.67799062410933,12.2148867387767,12.8385961421547,12.4111118887663
"D008",7.21566580432102,9.90058775979395,8.79252290437431,17.2897572108126,17.8684402139415,19.0148918221736
"D009",13.8074469091053,12.7345106193056,14.6306270935399,19.1788426209935,17.5248453286522,18.6231334935894
"D010",8.01096742999559,12.2045247366437,9.85967980048201,18.615165210646,18.2214028015621,12.998064573967
"D011",7.4346368184363,4.55058030092132,1.0310688416899,8.99225108428653,10.6793366938631,7.03660308522904
"D012",11.0339438624086,8.71423244597821,11.3680905017675,6.53405702768979,10.6610176329981,9.21261725373432
"D013",11.9111948329228,14.1258957946894,16.1067767180384,26.6980702629132,22.4634943459205,17.7105229519411
"D014",8.72193991483739,14.4866237727539,11.4717314492427,21.9241902476818,14.4210504131891,12.5323228067671
"D015",8.6807657815578,8.49751145110711,7.96528060943398,13.429587020017,12.9420820683307,16.2061087609568
"D016",4.77161096513846,13.4569886437391,5.47538423773324,13.2072128979397,13.246226369386,8.41731530531663
"D017",19.3992919326681,19.5489461767145,19.3481667239826,19.1581604146104,23.3337974196528,16.3984240414933
"D018",12.0701640636802,12.0988302397819,12.004236604603,11.1071310116061,15.6316352064172,12.2445192589548
"D019",10.2070622834845,11.3750708113176,13.6472350194123,10.417033433034,14.7910547214325,9.80110190639014
"D020",6.36253538712197,10.1113302045643,12.0224352039427,15.4666034396543,17.2460196602747,13.0485208259656
"D021",7.6023676452712,10.3024924486368,8.68108537273181,13.909051010085,11.5805307724597,17.4603284466931
"D022",12.8683900190411,15.2023161607693,15.485424586338,21.6180426737644,16.314181212103,16.0658713955914
"D023",9.4756057933828,11.0509355478487,12.8330756325449,14.0011872174568,13.3622143890266,9.61501173421184
"D024",15.558073408687,15.0408263372544,14.6386603641823,16.3587835910452,15.634819284054,13.7897615034639
"D025",9.73790266439707,12.4376887547038,13.2165200351911,9.28529034755156,9.44338403092831,6.44125055339207
"D026",12.692222219581,12.4406004242434,12.9510489080106,17.9981396240259,15.5588521864089,13.2521445614206
"D027",8.43000497518427,13.6527283997552,12.667720249713,10.7872740371004,10.95043433745,12.8746443639737
"D028",7.94103829165527,9.4413063247136,13.2314030810165,17.8239137133041,15.2715344294076,17.0216034393932
"D029",8.16539617042618,12.0344001991713,14.2110181295708,12.448597895032,13.2220929828674,11.9278619740153
"D030",10.1550605915092,12.9151389292067,13.0007693915068,15.4403631196732,14.9509885349797,15.3739712222826
"D031",11.386567085791,14.8588783139958,11.4091321086277,13.9339506242611,11.8481948006421,10.8893546593015
"D032",11.1332667647302,12.5799388842594,12.3515152520684,19.3820803206801,17.0284939688495,18.62621602816
"D033",8.41493175542232,13.3121411562832,8.2960991859853,11.251420887275,5.97123096353477,8.13015779072313
"D034",10.5744934351985,11.9855994488848,10.8577540465086,13.6572137663075,13.3194834374997,11.5957888582387
"D035",13.1299443457141,12.7375942547769,10.8606653721253,18.3654475384792,14.7881838499271,18.2754580470659
"D036",8.69733032996883,10.4452831963167,9.34179658321687,20.7244480558997,15.7808481795245,16.652168654567
"D037",9.78508737727915,15.2140943871255,12.5035293370297,14.3532401869347,14.0260982181628,10.9333054546336
"D038",7.6114090635978,10.6658478462977,7.1878847368222,10.4018755163994,9.06415318833193,6.80795675360256
"D039",10.4351276494649,12.0669174680102,6.91993182543081,11.3669398012488,13.5776021570616,10.358260376982
"D040",12.3377885349885,12.7814621923353,15.512063101592,17.8109242972517,16.1370749002599,11.4692008444821
"D041",7.27446917585831,10.1698417604372,3.24152696435805,15.0898639379537,13.0362943131843,11.3271945944334
"D042",9.63572426283647,14.5893261504837,10.4956524817908,16.3272845687773,18.446365076708,16.0145272715578
"D043",9.16247287546391,12.6905194613636,10.981159609229,16.8689593128587,15.9174750565468,17.657037290615
"D044",13.3833032558646,14.0767409906553,13.9636296745374,16.371961917025,13.5138837697808,13.5282007604581
"D045",13.6563682738187,15.9325799499134,12.7426910195105,17.1656953035791,23.3608068678677,19.3067326918409
"D046",8.34016450187628,12.4607953624385,8.21679228258782,16.3422524014842,11.7198918744226,8.66844449065263
"D047",6.55332163691676,6.93841255212586,7.71699370313323,11.4344539375792,10.5095780021639,10.4048281612345
"D048",13.8749032441039,10.5397317965093,15.3995209678438,19.7426258652694,18.4512422714454,18.5010757757012
"D049",11.3435138431224,9.52862804809884,12.3424476871831,8.76695842381566,14.1023495310444,9.40716611235944
"D050",12.6953966720276,11.8076957080514,11.4727387307365,14.6822395966177,18.9353300956324,15.7953451624464
"D051",9.26457472213791,8.53274426529782,9.98339918045986,11.9196123029015,11.116534106885,9.51436354045421
"D052",10.9641597969165,14.0785615978076,12.4988296848042,15.6975286921946,14.8807544585474,12.0057322077419
"D053",8.13283383089851,10.6607999679832,9.61494681472024,14.0961107437958,14.5742851803188,9.11456653832235
"D054",10.1649659352385,10.0159595274409,11.84733040734,19.885161816235,22.6949723639704,20.7116060038636
"D055",15.472823835702,17.6400527634947,14.8661403243811,21.59355446403,22.8424059153636,15.327532897872
"D056",11.7690815634782,12.1727323175076,13.106130089238,19.9140044755691,15.8043100900547,15.4353888129024
"D057",10.8711132422448,10.8665571186944,13.0156853462453,14.5098180950828,10.0924514206796,12.6485594385564
"D058",7.5408011227851,7.85849607938944,6.73045048596062,4.33350613479622,6.18347251629042,1.07352779260708
"D059",9.27268795985821,12.6442453301567,11.8942977325234,12.5273167816767,7.55015259247695,9.57972176463175
"D060",9.29996782819015,11.9165711312699,10.6077309616956,23.4357068036068,13.7909629898844,13.2808115034851
"D061",8.08841148879979,9.51957347870407,6.32523608114089,7.0659595319529,-2.05214552810888,2.62175063447089
"D062",9.4858825918747,11.2292049007622,8.4348235935922,18.5170972648514,17.3208378757356,17.8496294203191
"D063",9.27817428310752,9.19633659333557,12.0911291349147,17.45810563821,12.675980895232,13.0964728432199
"D064",10.8422756911891,13.650036426307,13.1260111270563,15.4393356459924,13.132089055415,11.4996874725057
"D065",8.44835983115844,7.80141080340946,9.44446711845964,18.891315603089,16.9859445033206,14.5893809075014
"D066",9.39373068451551,13.880802973421,10.9056101049254,13.6744451682139,11.9232244154026,9.82197814493412
"D067",10.1467808295376,12.0636044599889,11.1044338207938,19.2338577457293,21.7580995110159,16.9776857418162
"D068",10.8640559421411,16.1130367292039,13.0298116598675,20.4826218025627,18.7198592957165,14.6847377726292
"D069",12.5418404548689,13.7561017682318,12.4938199316985,16.0904268964924,13.8498738937727,13.7699595648358
"D070",13.5308210161919,13.9939067056723,15.2176425334011,19.8397758380433,19.3090076326754,21.7225259800986
"D071",11.4402444919859,12.499156703752,12.7097773537198,15.7290974427234,14.5686697482826,13.7895489449722
"D072",8.91622446346246,10.4372911654666,13.049886467121,18.1229345250356,14.7724360986478,15.5794002098198
"D073",12.9345413501695,16.1502483513532,14.8418555593116,14.583516527686,13.2725350792669,10.4172824116457
"D074",10.7672673901649,12.1029983234491,10.4943000915484,9.41451499584524,10.2086719363273,13.3779067387742
"D075",6.68580518667077,7.82183710119093,3.15106019212628,19.3101689010958,21.3503197893519,19.5699519011762
"D076",5.31326745054023,11.9860885607455,8.87404037565774,12.5518540503787,14.7945822363715,12.3205875640146
"D077",7.50359643627154,12.2540019978959,9.91962311363391,14.6572941440207,12.1413149711005,12.2853681531995
"D078",8.97242304787705,13.2356487471699,10.7051144205204,12.6658167375429,11.8096693302059,12.4974953238661
"D079",8.87714077569212,8.5342041687377,5.79321367294698,7.16439430155729,7.3239104896126,5.54501177023699
"D080",11.9812181081824,11.9910836488216,12.8092798299853,17.7798036406809,19.0067908772198,15.1367281663582
"D081",13.7469041183573,11.861635966524,11.3022632552332,11.4682192977383,11.1211466488546,12.047873324571
"D082",10.4696436003921,12.7730026766877,13.5262485456876,20.4735000010019,22.7640695090651,21.0245725804746
"D083",9.58958860661643,9.9090366558328,14.1694470627768,13.8526452055293,15.3871826194029,15.4894349763492
"D084",6.13139454491059,11.1904008586728,4.76505012802717,15.9237615242054,14.5892572993086,14.0800594341379
"D085",12.1122467080166,13.9357748057225,11.4305379945888,9.55162950856079,9.8016479133066,6.35639667999805
"D086",9.43844776823039,11.4691523850457,11.6118553162545,12.5072896129931,10.5701865780565,9.33308589880951
"D087",12.3123265795993,12.7023410416085,13.5943597320177,18.0858606567389,18.9420989272711,19.4613398123882
"D088",5.78332803700497,11.949574053508,8.53695552113479,14.5492207008272,11.1915470995182,12.6044864636812
"D089",15.7826963723747,16.8692517476269,15.9455483914936,13.15469610491,11.51323991487,9.80721092193341
"D090",9.21320234157523,7.79122888170521,8.23178790466128,13.3671932304331,14.6886361365615,16.8626040986998
"D091",12.4166135526313,15.783239763283,16.1737251624254,18.5392422163335,20.6585712819447,14.9054443793927
"D092",12.7188081669805,10.5232860422284,11.7410833159087,16.2226975991375,13.3449817586946,12.4822082227248
"D093",10.9143671739703,11.5993686768661,11.6779784899494,16.6977665475062,14.0545105617767,10.3911237022922
"D094",13.6323831965039,15.3800071052855,11.4017162488213,13.4874345424816,13.1833410123619,12.5454236303267
"D095",13.2486802129371,13.4466029483209,10.605351458553,12.7268204859251,14.9695883457518,13.6627475477173
"D096",7.18611718445654,10.7583961982116,8.0770461846808,19.8879649924112,15.6476410490466,18.335049952402
"D097",9.77432938465068,12.1137263475408,9.98753741658527,17.1957279520744,14.4580910723696,14.657797895936
"D098",11.0178751475117,11.896317609003,9.56953026521814,8.42371722344154,10.8960575579474,15.9509318223752
"D099",12.6429409696784,13.7602301542777,17.4381864890305,18.3416651224317,16.7752364198139,13.7231652128006
"D100",10.2099678732363,15.5498171226067,9.15992078969177,15.0365861662535,13.6420485927176,13.9704457040654
"D101",9.06694917548961,11.2335003854798,8.59951084239451,16.7451562149036,17.1365716362349,13.3237561941653
"D102",9.09257240928185,14.5528859613168,9.8240566428791,10.012174202764,10.1173323482275,10.0761438293441
"D103",9.13125208976387,10.3993620862689,11.5388960048537,14.2636972582189,12.1248683617283,10.1825159142733
"D104",9.57884292769445,12.7539504036837,9.96426315764974,14.7344903832199,10.0493918758186,7.79121989419112
"D105",10.7904884757414,12.3534645138995,13.4214682618178,17.0106739399787,15.9322644356176,20.3540821220381
"D106",6.18437426624419,6.81123923120761,11.9787752440129,16.5153563413289,13.9065234076872,12.5481147646668
"D107",6.20012661458035,8.16819311615538,8.68251399409782,14.4270660660141,10.957044055403,12.6894831451541
"D108",9.58805295510099,10.0167154694916,9.63675122062626,11.0022312848049,11.0360982640458,8.82336983852798
"D109",8.99255270648626,12.6473760861429,9.29924647706703,21.8027661971419,15.544091299388,14.2388367748619
"D110",11.8648784057892,13.8460220813564,13.0719349694819,12.5037416191891,11.6819426491266,10.4430589759352
"D111",13.4679305366571,14.3487995386874,14.3825990986233,22.0945747736762,21.5308843862187,16.0455213162735
"D112",12.1973195209243,13.8761941689821,10.1160578417608,16.4083974258566,11.920857141517,9.85414252438552
"D113",6.23493235835623,11.5652175595879,9.16381801596735,11.583171544737,10.0702430839111,9.25609793893767
"D114",11.0288371278336,13.5673673224794,10.7412689212411,13.1281644607105,13.3031284260773,6.47164025937361
"D115",6.95572633235302,9.45142477799384,7.61554860104583,11.8169745861486,12.6094373285257,11.6130646897294
"D116",7.06513398612828,12.2080401327625,10.8420318433743,10.3078561988523,8.37611457079928,9.93637226939541
"D117",14.5252958106866,12.0249976775506,18.6357181519922,21.0831670701289,19.9872121692443,21.7388046153843
"D118",13.1629156196137,12.9623433878759,10.4062505304602,14.9071619321317,15.9376121728173,15.5774506185327
"D119",8.05409167415544,12.323905862839,10.6045617172604,9.2505053985257,9.58165102642331,8.77790055013178
"D120",12.0993131586775,12.4614650911154,17.0768044352213,9.61562647969845,14.5929014824134,11.4603045023734
"D121",15.9663263624885,15.9471330895774,14.6595872182903,12.2343194340586,9.82175244544388,9.39737083235859
"D122",10.8367642912195,10.3435196699073,8.82846215485536,12.5079779944055,7.29720038591592,10.7354191102249
"D123",15.2841371748701,16.2420742328364,12.8891525243157,12.9298739187817,8.36228611535997,10.2878784836273
"D124",12.1251738837486,10.5929640255578,11.5072688364434,11.108309676162,14.1864887805315,9.51746119709459
"D125",13.0751250247963,13.8103289337034,15.2030945774763,12.4959857219045,14.5444621545374,14.4244969320938
"D126",13.4617146367693,12.0334896140136,14.4672169429365,18.0857261307671,18.0139308090612,18.62245525129
"D127",9.07215479280806,9.54448831022394,8.40095007176971,12.8384365797146,14.3385722244946,13.7446407533087
"D128",11.3198208478885,15.3826397220451,12.5220744255088,14.7168965760302,17.5311240664249,13.9400754369197
"D129",13.0137046739924,10.4172695109893,17.2308290439214,19.4750775187166,14.9911316144074,16.186895790557
"D130",8.37811211904899,10.922270018753,11.6182074533737,13.6311590960664,18.4464360423383,14.0947297147926
"D131",12.0843953930174,15.3818264613186,16.7346501974093,16.9576986168088,13.1295818842734,12.5935763268014
"D132",10.6465617717574,14.4529031694096,12.162885998926,16.8445942910515,14.8063671689267,13.1876016517417
"D133",10.7077221608799,14.8107475541433,12.4590241483358,19.1926819553582,17.8078737225942,20.2129312805981
"D134",12.4045829644088,13.6037166372665,11.3605108038389,16.5176002505511,11.9858485963685,10.8211675918278
"D135",15.4248311740429,15.7860701528142,16.2001608146255,10.7218300114747,9.45757546189539,10.9810803950554
"D136",10.351821036313,11.9249375599928,10.8496816777881,14.4597600379367,11.4085985015644,10.6495167227918
"D137",9.69637991810369,9.36834605092307,5.56502065526951,14.1009888212364,9.53029362028416,5.85776213298534
"D138",11.6434649034897,10.2379280959557,15.5335904438754,14.7342812194093,12.9844789385013,11.9581962905705
"D139",11.9986588881254,15.3779300917538,13.5099677798516,12.1307193732901,18.0326638491116,12.9129508501297
"D140",13.3660703708619,13.7760788114999,13.7968182943507,19.2935283590354,15.7418865242795,15.8432713865781
"D141",9.44126602031494,12.7043041348809,7.35677500173155,16.3997418713699,14.9205727934628,11.0235845126442
"D142",11.5791063718161,12.1929253803537,15.8811673902105,17.7177450194377,15.8484605617378,17.0951479312245
"D143",7.36556768183382,6.4872406615611,4.73953951055183,13.8569416406879,12.3061119086516,15.1882374673066
"D144",8.21358625033061,13.5650365172234,10.2059873754691,19.3993861411644,14.7536907516164,14.0382826393774
"D145",11.1914715278986,11.4880782626461,14.0988538541494,15.5788020255122,15.8462024064026,15.4286392092095
"D146",11.4852201530284,12.0637990129191,13.2740303711633,17.8681254436359,19.182774400784,19.7669669955895
"D147",12.5139007251223,8.1045161105026,3.39587051961882,14.8357102579522,14.8504517234676,15.322881180928
"D148",11.3760751582388,10.8602050011224,11.4954031069468,15.6229670363261,13.5171889861958,13.0108451107176
"D149",8.5884296063152,10.207142188607,11.3286861161811,18.2618362991671,18.1788458123545,14.5071524371136
"D150",10.1950534215219,14.4927217001907,9.75232840112094,11.624782282726,7.81481827405703,4.89585728457078
"D151",10.196472060932,5.76384769606719,7.67244247872929,17.8794936647853,13.3950672378813,14.2610992011099
"D152",11.3428643659431,13.199400114007,14.3526743063437,14.5167129780268,12.7984041258765,16.8392794074264
"D153",8.9418318289101,8.13372072042721,8.02716668188241,17.7528400522309,17.604532198945,11.596053309976
"D154",5.64090563133113,9.87486263723716,7.81389283123568,15.9015645934308,14.3644063131216,16.4264403362765
"D155",4.47095148342511,6.5767886896873,4.90545570692673,14.1744685737482,9.13820050882276,8.13147755745159
"D156",10.4500101788948,14.6045380410274,10.8752209418434,10.3383246354489,11.0290646439117,8.80811765617463
"D157",10.8738845589476,12.766261319406,11.260506498872,12.9302527045448,11.0221227779275,11.2161624436975
"D158",12.4003799763266,7.96384052993853,11.8537894476178,15.9561195225605,13.3500671969289,16.3345656037687
"D159",12.2312653408227,11.3784142355971,14.8428148708163,15.2244092459653,15.1738766876492,13.6344511418767
"D160",10.9767425304867,15.1794966889853,11.1655142798428,7.67717521033796,7.58209601745232,8.72999087787898
"D161",10.2227157769528,9.08113327985036,3.47260581795105,12.6709171161493,10.9180548121632,11.2137730784039
"D162",9.21635531366891,13.1322574755029,13.1520121736641,13.5222950896592,13.5386313757478,14.8237912991637
"D163",11.1002326842035,11.2907745420788,15.1519259082361,14.9968166051019,16.3910420292804,15.4520727947672
"D164",8.5192529133136,12.2715867170033,9.87674022566012,13.8342330475616,15.7247375853062,13.6760843116482
"D165",10.8997525229446,10.932519311832,14.6973719730127,16.1243244230495,21.6031704022672,15.8190584247674
"D166",10.2653404701248,13.1342867599944,13.2575457708976,11.0949009078096,10.5032292209074,8.85441747953128
"D167",15.4225126176656,15.0828383958318,18.3635195846935,22.3927610432965,21.0068924009209,17.3672349276346
"D168",13.6392887990568,17.2295840247532,13.3405402568222,11.6857383245348,7.39559187008089,8.18736307974755
"D169",8.4094202414875,9.07966124283241,7.50067729644432,15.7422371418767,14.6388822794673,12.0637837161513
"D170",13.2899187764865,10.9405615283716,14.7835970260538,16.2939234855077,16.2058026926163,10.9931150116927
"D171",14.3597326181471,12.7651113726231,15.1045549036884,13.5954835958008,13.1508693091411,15.9498958773405
"D172",11.6239317167404,13.7602199256485,12.9160137142314,17.7443169415386,16.8910399399291,16.1319038692952
"D173",5.84558080863184,7.04633657997724,11.5030098141455,16.7876404099974,16.0744439451859,9.4041684143382
"D174",6.95083046494854,7.31461036055817,8.4895794018455,13.2248134397474,16.6851566866789,14.6401755125876
"D175",7.99196500974579,12.3339078701828,12.9729490162608,12.0732307257326,12.6186084372379,15.6122572438953
"D176",10.0683765228957,11.9525539725967,10.5117685293265,11.8424825191054,9.92285314360489,8.14552523141455
"D177",7.044458923948,10.1186943429982,11.0663348420996,19.3694973653686,19.5984275092622,15.4089166054479
"D178",9.10965323227446,8.16038534104195,6.32120422317405,17.1367305750165,17.0275412848207,18.1398221312845
"D179",8.79051975422062,11.5468923841863,10.4529895023065,14.0901579513149,14.8356020193998,14.6540398964091
"D180",10.5384519907823,13.3270175073938,10.1506529975581,9.56858843967953,12.1041860839638,8.10681467753584
"D181",12.057201452741,12.7790598621907,15.469822855891,20.3079234212188,17.8810378999166,21.2965004118841
"D182",12.5088651490686,13.3067369466383,10.1601480710454,9.69969413220924,8.84921076316225,8.25180448780119
"D183",12.3202321631388,14.5225039272793,10.0437874736024,14.2727175849604,10.5788490370394,11.361052697897
"D184",7.6635546609094,11.4988781907053,7.5820144732869,11.8703585115438,10.6519989649956,5.88569543036096
"D185",7.04483296084446,9.87223781555402,6.51300074577668,11.0964805700696,10.5450375103349,9.89811396492135
"D186",3.61317965136389,8.1022710095386,8.42693271768924,12.7546947469163,8.10175885270324,11.0901039733706
"D187",8.06766714890575,10.029921132071,7.68949801104534,11.114789920364,6.82951626536556,9.25772629328853
"D188",9.27707945847478,10.8065685242777,10.4230366096243,15.5037366792273,10.1923409366014,14.1356959328178
"D189",8.87475640936754,13.0186390625171,7.39989537196918,14.4466446335166,14.7707952706238,11.309117946871
"D190",5.02012264805746,6.00868298012331,4.96700686525179,9.89312669873113,13.110857083128,8.84272328886941
"D191",9.97327866478454,11.3812726297639,9.60406679634762,19.7693413521395,12.4822016804843,16.0501657277403
"D192",9.93612240842175,7.68618706347663,8.38452726000222,15.9370115995743,14.9318596694817,14.3214694310394
"D193",8.87367244687645,11.6364361863494,11.5201548648959,14.9656012304588,13.343780362227,16.7579968921758
"D194",9.5778813940793,13.8792321229956,12.4251470047422,15.6070792584321,18.5798712727305,18.8803376953513
"D195",8.98920565505992,8.15702978469081,10.0195559090296,12.2486681278029,7.5919077374473,16.4887202764771
"D196",11.4421233145045,12.5948947172864,10.8511972328699,11.4417482173071,8.92891310569422,13.6425269722728
"D197",11.1153316840953,11.6337193010387,10.0018733794389,19.9516970376379,16.4723988055305,14.0822366316165
"D198",13.4730865724681,14.2335960279309,11.9526432050861,11.2099087715327,10.9974908398991,8.12473445372169
"D199",8.74641292730088,13.283853825797,8.37433451343932,14.8877580422543,14.0987736130577,12.7574704372287
"D200",11.089697379514,9.93032275539589,10.0105222383587,13.013804939371,8.62990870082045,7.76508669742312
"D201",6.04753274964974,9.51965920446956,6.47050521435693,19.0969697400443,12.7393935069189,17.6466167409052
"D202",11.1200131170598,16.608704206912,11.9234824747421,15.5289506444623,14.3608602768664,9.38182707341161
"D203",11.5748670066013,13.4089460511431,13.2458587457311,15.4755813296643,14.1478754928623,15.6522425440169
"D204",10.6491372928863,9.76734039014323,8.0452756987389,13.7530494477672,4.92192228118545,8.44107688648453
"D205",11.119011432851,14.2112907514048,14.4858928726024,16.7743603904015,13.8257426607161,12.7603360301647
"D206",6.38602134278474,10.122139051803,10.7285203828167,12.7507767380402,12.4565179181164,12.2994890819596
"D207",13.8315175149149,13.0352729194215,13.4036835871299,16.2369179142682,16.4609684798064,16.0913615767625
"D208",11.506330047092,14.4119108381759,16.0263226972398,19.4837825096371,17.9908622792122,16.7902297775578
"D209",13.7743429649462,14.3584496158651,17.6309574390597,18.9060002324631,14.7972741396988,16.7595796627513
"D210",9.61220111578829,14.7184152057958,11.6627511335227,14.7716634704103,14.6599190637881,9.7476626542009
"D211",7.91481976880267,8.51161341338537,10.6995490062049,9.82332978877524,13.0592048842492,11.5062770039165
"D212",11.6424341103658,14.0789849340538,15.1355308897495,21.0245056445594,15.9451340849474,16.7557764548922
"D213",10.6358663559633,12.7223189710066,10.5672298504057,12.1866469115266,9.11827875868906,8.91888871073134
"D214",10.7587919613658,13.9340907676325,7.14298091409822,11.0745939987886,14.7183651271768,8.23593575411773
"D215",9.61588581952309,11.5088400648174,9.28060528297028,5.64066951642697,6.71355467494164,8.62290628767025
"D216",8.60165580163735,16.0358749631587,13.8374554759813,13.2076072025224,10.1250451266708,10.6556378574019
"D217",10.8488500829924,12.4297319230312,7.68251861031104,17.0954993215074,15.983965317557,12.4139840265758
"D218",6.91193522409372,9.84236769284268,8.72171054572079,13.6622796788051,12.8916273072124,16.2423580599647
"D219",4.21740434062048,8.20116115364576,7.66727447225797,15.8729801160671,17.5017597300978,15.939176132546
"D220",16.6900899349584,15.4053493987595,17.2999764996216,19.7421582037316,12.3710829208613,13.8827139536751
"D221",5.84809732450476,8.37213695892577,4.31099315482125,16.359595848671,16.9041300188093,11.7898484985677
"D222",7.19209602256582,12.0830411361417,11.1764049321448,16.4178504069603,15.1239822017191,12.2688970449208
"D223",9.72874066682439,15.9143799719518,14.2287237582974,13.4924068373395,18.0347793614928,14.0272074447859
"D224",7.19919334890168,8.97210682593907,2.8997877215502,8.50980328752842,7.01744666407344,4.73196252115416
"D225",12.0682917898732,12.3510750759958,9.69475644081317,19.994028191225,17.4574602080332,19.1465427464282
"D226",13.2650681227733,19.1938125429402,15.0506086526131,12.4080084014623,15.6117327313523,14.4511664358902
"D227",7.66319092345643,11.3257927328123,9.40382596476023,11.3405081585494,12.7333394502464,12.0616247650673
"D228",12.8551621113484,13.8637737045629,13.9087744796291,20.7408947980731,14.654847973105,15.7915593422893
"D229",10.5253257466904,12.648560942109,13.3656969259216,15.6362122926108,15.5933504500066,13.3699541982753
"D230",8.83649021585723,14.5626382083697,13.5617922406662,12.9414193599534,13.8141053146371,10.2040561050457
"D231",10.7157188217341,14.7872266764615,10.7280036775768,9.78768145305617,8.79920498227446,9.36331762024196
"D232",7.03004018593986,5.97661592490661,5.73883941038413,15.5090281171739,15.4272450745913,12.0396170145828
"D233",12.6158655172698,13.2135233655977,12.593638958487,13.7521023286964,19.2891369670867,14.028938596913
"D234",10.0899141075768,14.0081267463503,9.0734108468358,16.6436569003382,11.4699449416925,18.3192532501608
"D235",14.159841372888,11.3310535409968,10.3373345100236,13.4327524587956,15.4983341566017,15.5344758786278
"D236",8.22775039037082,12.5867823918696,13.8359517036357,18.6794151267498,21.2504861338216,15.7431120460987
"D237",10.7691360457252,13.8871563265583,14.0245849819674,17.7859154879706,13.8591822984669,18.8374812238263
"D238",12.5518470533578,15.0477871035321,13.9689510540272,10.220125382566,9.84745076032541,12.459609103571
"D239",4.34698713223595,11.2679146200924,6.82777683060808,18.1372728890423,16.7147773537824,12.3018180404174
"D240",12.267558084462,15.0671717714297,17.3116009815368,20.3085881387256,20.1138835142902,14.9660577506019
"D241",11.2985718263189,9.39370042912439,8.46499383941679,12.7969908192084,16.1926771028205,11.2329446020069
"D242",11.4486597904048,10.9585057482717,7.78391847710317,16.1589303623927,15.4373824120752,17.5491440575579
"D243",11.8625657702415,13.5806566793438,12.9190283109247,8.49732051633136,8.15270504628904,3.60809712555
"D244",8.42534377444544,11.5541715975747,7.75699002039024,14.0019963996526,15.205360207158,14.6728851641947
"D245",8.64262090844844,11.0723731986449,11.8824013261491,14.3719926106158,9.44998970608554,13.6302096441947
"D246",8.96754730678399,12.9098998505213,7.08805857088749,14.3983847565089,14.287531670629,9.6569822630899
"D247",8.65242459575146,7.9740598729327,11.1784349092601,15.5906777204271,14.6611686578167,16.5825330256877
"D248",10.7749811369633,14.9026105144213,12.5268669755324,15.0300487637853,9.16538681681881,11.2075826049941
"D249",11.1117187084854,18.1354840567908,12.8714689978636,9.81974151216059,7.71828599947865,8.97214299655499
"D250",8.93359113398026,13.8601147899635,9.52881962040992,13.6667918440714,11.7485673851035,13.2829444049081
"D251",7.24796050074424,9.75002763778607,12.53889714361,19.834972061744,19.2024464967657,15.7041979528355
"D252",6.60329840254465,10.1606840981708,9.3114680448023,11.1868010480549,13.3327762925546,10.373932575735
"D253",5.80436112200305,11.7791319654348,10.0949750666186,12.5088344268448,10.3601438674869,10.7908385652838
"D254",8.81676374605252,12.5577950875871,10.6217996552706,15.6913931945754,13.8524570746684,13.5563820415484
"D255",10.957638975149,11.3833235806052,9.45086265401579,18.1303993989719,15.5308891699431,15.6274573401703
"D256",7.72975490171457,12.3266804674943,9.16182583685495,18.3442426781812,14.4253391969896,15.528910733733
"D257",10.9476414422592,13.363836209377,14.4249794663209,16.7147037504441,14.5567680887084,14.6679751907972
"D258",13.9433851666646,15.7443519230678,17.133221519408,19.5204797148106,18.0513844570836,13.6276502966674
"D259",10.4117651903046,10.4605685305789,10.9016016636606,12.2988949716933,12.3766333961345,12.8696193657893
"D260",5.95799022326237,11.1622361427526,6.68200624783652,17.2251737133603,16.7333419602944,19.9199838668732
"D261",4.62611387448848,6.38174345885074,4.05670645475625,12.3975757344949,8.65133870642671,11.6691655789591
"D262",8.82390499570053,12.1148182433295,9.63124527013857,9.15353757537158,12.851123076449,8.07987329802162
"D263",9.44062865679083,12.1081039050347,12.5518407207022,19.3734439977702,20.2451047963891,13.3441525898445
"D264",9.41930506695468,14.4706119430209,12.7914728916479,17.2655130518585,19.2184519117259,18.5522217830757
"D265",11.3658764234552,11.7542215226651,11.3483510286587,10.6827991501399,10.2094157329885,12.1717571080938
"D266",9.81290121453066,13.1025594011023,13.8368463932409,8.08400483388185,12.3949168904129,11.9774691717338
"D267",12.1667505785055,12.0723593469331,9.14066398493947,19.9793457229171,20.4336902302236,14.0848909569925
"D268",8.55723933217118,11.2630174269684,11.270891349524,10.4132096256431,7.13045308895325,7.11594367097226
"D269",12.2052433296612,14.5345811176745,9.77110662826145,16.7705330686656,15.8406809656379,14.0286488904598
"D270",11.381635612969,9.35531103331097,11.6428093122307,13.2507854453461,15.200824579573,16.4338793944457
"D271",8.30033332593475,15.1203920871221,14.4768449882692,16.2520871106056,12.7386707135326,14.1774887623824
"D272",5.03630268617648,10.3822685829674,7.09661299054302,13.8683357013357,8.31707521681386,4.91098658676587
"D273",12.7893061530639,15.471755834105,12.387492283234,7.75265202934852,9.23564945582081,9.82476437321438
"D274",11.7335502448079,13.6317141642054,9.6442641782905,22.1313334424096,16.5745427142189,16.3880532428156
"D275",11.7923197555363,12.3606208746831,16.5325695325323,16.9574031371213,16.0567426955793,15.4258625149869
"D276",9.85593396435147,12.4814940699899,9.23485486994862,7.71025503319083,10.634374839149,8.92146255228412
"D277",9.61112016159866,12.6102703004412,11.0627154359276,15.6179461616787,13.4439582926446,9.83178252907409
"D278",9.76971587155994,10.6741967924287,11.541266942,12.713518455413,11.9837829683223,8.66097393673747
"D279",11.3906041124465,13.2760662549056,13.9589218099457,17.3976482644431,20.3676120630084,13.999194322968
"D280",11.4138983678199,10.6495251272386,10.7599497201995,14.717720266691,13.4309150821063,15.4039184957887
"D281",8.10746162439453,9.76415565114504,11.9446287596476,14.4022679622271,14.2940989332576,13.7311278086157
"D282",7.8524243837664,10.5869278103046,13.2022457944117,25.3483937221522,25.3792991154208,22.1804485508046
"D283",11.0307993981669,11.0944442972007,12.290690071561,21.1138013533369,19.6254459700283,19.3226697948213
"D284",10.8744482169887,9.8581572428111,6.34165524191391,9.11938409845282,8.91610135376226,7.37053295128228
"D285",10.2688976030039,10.5942950475509,8.5465532787025,14.3853594243101,13.124611654303,12.3826453789426
"D286",10.2818317198148,10.8392948979779,14.4912796045901,17.9245579890425,14.314590051172,8.39444454499284
"D287",10.8941957594532,15.2139356545912,12.8389806322133,12.6515670215672,12.6623413986511,11.6533962801541
"D288",7.27414702840229,8.02694622894105,3.16086138741813,14.3478361877065,14.101812443688,15.5988750453712
"D289",12.9626645120696,12.0681076951236,13.4872691328471,18.4266862380192,18.408556545181,13.4731799057337
"D290",10.533431961995,10.410081387291,10.6047433273931,15.8440693135829,15.1965528751305,15.158491958228
"D291",6.90221390582056,6.20130383104092,7.1831355557146,14.0805469377226,11.1203445027977,10.6407018382792
"D292",11.48362903663,15.1300533316507,10.7096879725293,14.9130688644953,15.8567660667625,11.3905708952559
"D293",12.9873547123506,11.2971417424774,10.9811230714957,11.6492192680927,11.5292964191231,13.5693094162044
"D294",6.99393763703236,11.9759863696173,7.42884154697817,10.3813517045039,13.8704726909881,16.1613064661509
"D295",11.5755996498143,10.9478531886771,8.60929344383038,15.8854392447923,12.8562670369862,18.7641428038924
"D296",5.54835393125772,11.2189766209798,5.41098328161651,17.4333638342827,17.4392211501494,16.3877404781511
"D297",12.8286210568289,15.8754256691169,12.9284007568542,13.2337517843162,11.2792406137343,14.1573510771254
"D298",10.0940339048442,11.4557662497657,10.261294398796,14.4718127545706,15.3587226005086,11.4216460012219
"D299",11.5052474760826,13.0868768489867,10.5132572625057,11.732470198355,13.3237778281751,12.1197706612705
"D300",13.6256845684891,12.7488222607593,8.28400720687721,11.9820764786631,7.40137781748547,9.26456648757723
"D301",12.7761009954244,11.135541999495,10.9583719035794,16.0717419555003,13.7772381513313,7.10088425342882
"D302",7.32481242586993,10.2556090531257,10.1873437006988,9.53792234933711,9.05749444551584,12.2392497009142
"D303",6.92051271202789,13.7744626676686,3.3452662276975,7.3315610442145,7.22162835553937,8.49807686157782
"D304",7.27964134740517,11.2097945817228,7.21460183878736,10.7502026852923,10.9136633694749,10.9031876679615
"D305",5.37334134611833,11.2440867083178,7.09589493538236,14.4895221685937,12.0471335727381,10.3080090106072
"D306",10.7175756436803,13.5624581771851,12.9523540012792,13.9426980744985,14.2657061178427,17.158064020093
"D307",10.0728910317462,15.7887336401611,9.9562463981597,15.5117425665221,9.31607411562657,9.63041346299419
"D308",10.7844476141882,13.4426466624905,8.88475644908009,19.4367672228608,15.7652383610112,14.4576274210154
"D309",8.37296699497856,11.5324981293132,13.8028488471126,13.3665345452404,10.5766220810672,11.4554856583522
"D310",12.6868308239765,13.2290191527064,15.8601325211605,10.4487899224278,8.01362688452032,10.1659384237535
"D311",11.3777486638148,10.1460968590911,11.0501600454189,13.0980477497535,8.93054799567897,9.93574312709977
"D312",6.84701259244542,10.277629603049,3.73040319973287,19.825182990661,18.4183667855362,17.7455137764925
"D313",12.1037159009861,13.3542278924462,13.6763861293386,14.4157488951176,10.9972080584363,11.1317073432438
"D314",7.27281580752681,10.3847582877923,4.71087635389752,13.3381217911498,11.6687216109413,9.9487855316743
"D315",9.82235754377131,13.6250250247353,9.33560598192902,17.8308271189286,19.7357281963754,18.9719227247974
"D316",11.3990703809249,12.364866058715,12.5615201835189,21.4811780913187,19.6303439654442,11.884709050947
"D317",10.6122164393092,8.71877447203351,7.03941350191488,8.55487167631969,7.05693311169084,9.69990627691644
"D318",11.6102483205501,13.7509637636719,14.3478747954596,14.9210971769312,17.8193085112039,18.841343975723
"D319",8.70069306252337,11.0364769350124,7.5980003844392,17.1755117267992,16.5449822791759,11.4560130237647
"D320",9.58886208145964,10.4610085266883,10.0778753621008,17.1016896000982,13.8789479403995,11.2619672988922
"D321",6.81385320099351,7.55196412324879,6.24064768239263,17.2659876548156,15.4938641413286,13.3860185967172
"D322",9.34279577550819,6.50341220703825,7.54245032373775,13.8157611852138,11.4491676852738,11.7376333422307
"D323",9.23936422686079,12.1508234323798,12.1594340066238,13.7306424759405,9.95165874617531,13.4078551760579
"D324",14.0865598474512,11.637620994243,10.8002554704736,10.9560614199027,8.83985311885292,14.3212488044795
"D325",7.65992292581881,11.4359474524157,7.43215437063657,11.4638595510653,5.99822892104088,5.22124084516616
"D326",6.22896676905894,12.2777107434086,8.88594364606221,17.7218892461167,14.221671169651,13.9093206876376
"D327",8.35883107029452,10.8892644840992,10.0549816906109,17.7911188882721,20.8042674495004,13.8327047437752
"D328",11.1572325934644,9.20100889963495,9.92168273738566,16.3609114268653,17.1192867944684,10.5934056971633
"D329",10.8174405437394,12.1029972630898,15.4547233334606,17.3814942672443,11.4052876808263,9.54046995309603
"D330",9.44342763337836,10.1696780352439,9.72034119806982,18.5560743875214,17.676349001473,18.44178024015
"D331",13.3185985531159,13.8359607321274,11.5059348280009,14.7064426360539,9.08001991365415,4.54893350765017
"D332",8.40019266293027,13.2345755563023,10.5959870109058,17.1507822687771,15.462625790236,11.8910396352702
"D333",7.0594579364391,9.22320995431947,9.12101508143156,16.0968877926392,16.5073106589574,17.1289671214029
"D334",5.13967973642929,9.79466507520653,9.85687551389933,14.9305492882493,12.6889354246259,15.5469349556601
"D335",9.82838182060536,16.41149268247,9.2732332238212,8.52885778832716,9.13337276099612,12.5722772523719
"D336",7.38742054561913,9.93816317310769,11.9714018344159,15.7113915129951,14.4538837436732,13.2074476068247
"D337",8.68000419652752,12.9510951181261,10.3369420639342,19.3849953046324,18.3771933428896,15.5146399455538
"D338",12.0348023136669,14.3223809863107,7.58884218512732,12.1152670652269,11.9984795664682,3.75567844930006
"D339",9.97390955059906,13.0110462472191,13.1615894428898,17.3025266307332,19.8490438229184,17.6135965519077
"D340",6.83552160013321,10.0773974459639,6.08519999426749,18.5215377987012,16.1091879285127,18.2776091273744
"D341",12.901136373521,11.6879175784693,11.8951164014142,17.3477025490235,13.2167554006973,14.4738011271198
"D342",8.18510521413227,11.8820713613579,10.2430822698275,15.1507383465256,10.8509737675006,11.5987885846379
"D343",11.8163192147281,10.5623620829106,8.25532423192981,11.2903355846903,12.5412056511967,5.68612986205581
"D344",8.25794699600904,8.88040104498413,11.6381449624772,14.7696232538604,19.8071165239435,15.5837856579469
"D345",8.40073707978504,11.5392375401066,10.0437068232814,10.443412267076,11.319323223849,11.4941571661585
"D346",9.43801207723989,12.5037516089549,7.69704753121151,18.4743848030303,16.0791051735076,14.198190574012
"D347",8.51068199114631,11.3030250721817,9.44082256161105,16.1936512435232,16.2430673939833,11.7963491948344
"D348",6.7058945288876,11.355219071238,9.92329169318625,18.3545388384632,24.5886523334154,18.9121641042694
"D349",12.3962017808273,18.1147071405042,12.8270826919891,10.3055122740919,12.664439441711,8.48976605434052
"D350",8.46775492516784,7.83498340545418,9.93662956358813,15.660372462752,12.1472884063548,12.4343499022327
"D351",6.26696025315076,8.10792402435219,7.2972475755209,12.3372123167463,14.3921847745664,9.1858090078651
"D352",9.13867720760042,11.4104873765436,11.2357864607062,18.6169625765281,16.5603761077033,17.677160037252
"D353",9.11484390637451,13.2087025858569,11.7510886642637,13.9077112881742,7.89633035861812,10.7002900401286
"D354",8.98585780631209,12.9229130080169,14.508067127549,19.0535509721027,15.7917306649212,17.0903998236232
"D355",6.10320308591501,11.3965574372934,9.44021973976199,15.8438056230493,19.846751803973,15.1538825219427
"D356",12.9948691931623,12.9908506402051,11.293945090433,10.6211036621055,14.7316645365522,12.2275974757305
"D357",11.5125835523094,13.3592624005558,12.5657360219709,16.3411645025247,14.7935576278065,14.4403578055051
"D358",7.81161154250666,15.2767677132311,14.1506951132748,14.6085359717593,18.1163628228368,13.3694511559174
"D359",11.2978901327885,16.0350517925774,16.9928544365534,19.6473506270744,15.3055827427116,16.4703269259786
"D360",11.1523125850794,11.4654040323806,11.1137755809428,10.8304762619439,9.9459827452146,11.0547024419824
"D361",1.71226765003317,7.47300087374246,2.2083438526753,11.0694284115716,11.2628560622456,5.85960850786834
"D362",11.4624964612406,12.7216802190698,8.88653959580282,9.37390326767109,5.51582544442905,10.0387895349742
"D363",6.82224564920464,13.6493374751957,12.9418238781148,22.7068661943523,22.397963693615,19.2298502092673
"D364",11.8658350931438,11.8829841064431,6.57734803850798,10.5126471364834,10.5720560079387,13.183087040102
"D365",6.10028512299101,9.24476561422361,5.0502270438522,11.1212148074028,8.51441677733552,6.56550967735036
"D366",11.3298333344174,14.2099317916037,10.0377842539994,18.0174749093957,18.0424866397301,12.3388315631958
"D367",9.30821730233766,7.5949022777492,11.3772017977317,14.3144219578316,15.9739200595187,13.6696316156428
"D368",8.38135531180977,12.5055187125366,11.0669262268625,12.8469278186044,14.5285350422351,12.6377880681655
"D369",9.82001653084245,9.66919848922602,9.39570215551059,12.2278164783047,19.4431406085128,14.3998530586151
"D370",7.40574768839182,10.9887159717259,8.83043281849215,17.1285883397115,15.2230666755636,15.2407645675091
"D371",8.27242172876081,9.9363098284311,6.22298853186578,16.0298299609674,13.5177392331454,11.4757416958928
"D372",10.6940517421311,11.410042735556,9.3969687152839,18.959818875028,16.9626652007111,17.2473833047381
"D373",17.1201367675446,14.9064132137273,16.7198698626696,18.6655315014896,15.785486994094,16.0524051909272
"D374",9.89259287894564,9.00110046513124,9.26436903163578,11.30002463126,12.0197662416186,12.2583107973373
"D375",9.54811732606639,11.5831625928726,11.5348715371231,18.1741186060701,15.7359387245766,13.1637483588819
"D376",7.8051810679702,9.78552509508096,8.64697462437664,8.71206814482012,10.6530825125815,11.2264517491153
"D377",10.490843268464,12.1109479554409,8.9643253676726,11.3900511448876,11.0260391564309,8.51918412054611
"D378",11.6818115371815,12.3097916737182,10.8389327175731,17.0586827271936,16.2100926928342,13.0785036533907
"D379",9.99799666452199,11.8949402902991,8.86537494904751,10.0049638468792,4.21092445125717,14.205152113074
"D380",7.81296167689249,12.7526945687386,11.3281117310731,13.9791521593585,15.336697957604,8.2148354155987
"D381",12.13963270502,14.2041498494584,8.11635895504877,14.4764939390394,14.4806633631958,10.2784228561944
"D382",8.29364239869936,13.6213520912717,10.8447815505421,12.5235673396831,8.26343441147386,5.3970165788845
"D383",8.72727925222818,11.50358871276,12.01749644651,22.7842605099323,19.7291445166631,17.034650392894
"D384",9.54570320308684,11.9517401373058,6.77228656667962,2.41058598053734,3.48345107436066,2.37870842953624
"D385",7.91285904673415,11.1062668943937,11.8237163722666,19.4954962349778,16.2453686956035,18.8033932138191
"D386",11.0100426353816,9.42636314724063,5.8028158548471,10.9814677500761,10.3707219474083,5.07239038756566
"D387",9.67527957322126,16.9492042681001,13.1906560653813,13.1037431214389,7.16352524225482,8.31096408200075
"D388",10.2657216373693,9.44467056011441,10.6345824708467,13.7073487057509,10.9854526418427,8.97475148979559
"D389",4.99363537515189,9.68082958691098,5.57653456668301,17.5408601620031,13.2132258439647,12.1511703581779
"D390",8.18052935525137,8.01291586250995,9.53011333681805,11.5980662949922,10.6524607529096,11.3647075672804
"D391",10.3132507454947,15.5005691245238,12.6764077641931,18.4020564971517,12.561261480174,14.7643360144091
"D392",11.3196694355771,12.1127683895508,14.1627081435879,10.2185251275459,9.85566124202846,9.77608482241714
"D393",7.62530091951972,11.3591288281066,4.20523759632172,10.1925610945937,8.46483626860677,7.38952811541968
"D394",3.49217946991235,10.9023376695608,6.68411645482288,11.538055917441,10.9210238860216,10.8005541939883
"D395",5.77636418576523,9.97391430142677,7.70969242153573,14.74207533244,17.8839500298582,10.5558162237747
"D396",8.97442497269525,11.0337565495099,13.572447929846,19.7550042495412,17.5715169186813,17.8742448043206
"D397",14.2445605985963,14.277256613501,13.4779666884876,14.176573518107,12.7773501008417,12.057745062078
"D398",11.456727385833,10.3128843987973,10.2313372915615,11.8983581620996,11.4871008549938,7.39944212699726
"D399",11.3507451894291,11.3535958218987,12.771284128062,15.5290696867266,14.7578407373403,10.3670300899924
"D400",5.54329933442719,11.229175695484,5.45048679763458,14.2833883879909,14.4521201372065,14.6428850348471
"D401",10.1657412862229,11.7195722514203,16.2203021544067,18.2965938482193,13.3902248573211,11.712314425649
"D402",9.6031774789221,11.3761771785216,9.22742824389949,15.8924414401798,12.6111771519501,11.2169458751178
"D403",3.10128775219279,6.2605244792476,5.92698658310766,17.5392140990295,18.2015804165428,14.0064072837778
"D404",6.37702233267845,6.29731684123837,5.52712159551287,16.6921743100456,15.1199049092268,10.8443362757064
"D405",10.9658833341628,11.9605115479525,13.3513137172988,15.0370961095798,10.098850897726,12.0754876724708
"D406",8.71739733980495,11.6654968059855,9.82092666553048,17.4356211312125,13.092886116784,8.25129202478222
"D407",8.28567018851204,10.3273247468808,8.97703451908885,9.12204139478267,7.0126948045213,7.61332332682144
"D408",10.4613544848401,13.2162277604814,11.1784573114424,16.591152622143,14.1501193290936,13.6992597922324
"D409",11.733492447157,13.3384522876768,11.3831797962355,16.7048211373739,8.1502578380484,10.9401110726774
"D410",10.9421777496822,12.8687572577624,6.28308436347626,17.2439113238343,13.7310188306718,10.8288696846932
"D411",11.0761976445716,12.0026383807085,11.8552791867521,17.298369001146,17.4524661293967,10.1884000245279
"D412",8.30809097094383,7.84395290312465,3.83297484053762,10.2853127819917,10.4207173027965,6.98610852993682
"D413",10.4042536616652,12.4061202188751,7.03595105378115,17.9676509778342,14.7450802490537,16.1545208717931
"D414",7.99286045298734,6.95876436608943,5.61399754876286,17.4375399002624,17.5642940540343,12.8973267147753
"D415",11.9636857499267,13.6366795590991,11.1478738168669,11.5070996571919,7.26923902112728,5.00343595497566
"D416",9.69993598442991,7.79035395794799,6.43713913728424,8.20010993154346,6.53910957032839,9.363847968494
"D417",9.43324820787319,9.96435938530822,8.22246977898502,10.6467062981847,12.1570016042578,12.0914458751427
"D418",9.46094048995297,11.9137713765894,10.3568380106931,16.739153393664,14.999629023984,16.2187760454438
"D419",8.97167445861971,9.50854437099859,11.1692577655714,17.045629701592,18.2143792142597,14.9956726352695
"D420",9.8476787001933,11.5217815475485,15.9796981588291,14.7683023857032,16.1000593176418,7.77253412413932
"D421",9.36031557156296,12.5914434105124,9.43916064260306,16.3338079055311,10.5115498334722,10.2840664629022
"D422",4.80505673083026,5.14483673417298,5.21604875576363,14.1827970300644,15.8489663262377,14.9073685847723
"D423",8.24344922129414,13.8596761616004,12.7961163260288,15.5436853972696,8.19249916709443,12.8937896914359
"D424",10.7085516781393,13.9360972311948,11.6356375331737,12.835511089131,12.1836151216975,15.3842677842298
"D425",13.807732523745,14.1034221048645,17.2136791557256,15.9550771015772,14.226354792347,15.4858131059917
"D426",11.4726753742758,12.7683139612182,12.710103918128,16.0488881965341,13.2484857756001,7.56908926746111
"D427",12.2554211474431,10.9615390775547,14.073345685617,13.5771861762927,16.0542766273299,12.0204489071297
"D428",4.02060443287152,7.86151405254114,1.91213033252751,12.7334339248141,10.3004508232323,9.20455000402275
"D429",8.18338874767348,7.53701394076908,8.85102459366226,12.6128790982507,6.6076035466455,8.27859931055621
"D430",8.76461166835262,11.8945625805995,9.77705011778256,14.436277634463,15.046801541298,15.6777227968421
"D431",9.73116194101115,14.1879233162975,14.6912176036004,16.9046627597068,16.2796402575693,17.4395257298528
"D432",8.40291491048031,8.59372220732399,8.2203889931328,13.0832383788294,11.3556069879342,14.6603103487136
"D433",11.1852966843955,11.3177066588372,9.51451609768072,15.1568423651415,15.5842858307729,16.1430091382754
"D434",9.52738947850211,12.4938507483022,11.6896654433987,13.2172098754654,10.882759930619,16.6189382679106
"D435",10.097358862099,12.6839780863564,14.7245750758462,15.9933667376049,15.7711115726337,17.2622963609579
"D436",7.6166986244239,8.36182146155254,6.23143030463865,9.22309432386064,9.48980742598952,7.44681592743549
"D437",8.98934634231482,14.5504328789917,13.4599938900352,10.4101556535373,11.6670222545169,11.2920285673793
"D438",12.7540103650089,14.3206518156634,10.3314517256299,12.0932522582556,8.50491353894287,10.0993423397931
"D439",16.8882847693296,13.6532526464763,18.1324278629571,22.4051516648115,18.4438422019476,19.2466099329838
"D440",9.09761094299587,12.6707557955288,12.3378861388483,14.4315646469195,19.4807466945431,14.1262605203504
"D441",13.1498002548089,13.7040363325745,12.0752454773472,10.5797185216026,8.76805396918949,11.3662948252355
"D442",8.07205799320785,11.9360629729512,6.75281387523384,10.9688519393862,11.0528803561872,3.81641277494207
"D443",8.24923059167095,10.8182234317744,8.42848645127343,12.0956955332787,12.1960763865827,12.9755513530788
"D444",3.81135233813473,11.2605557651994,5.39956017775079,16.3666322148093,16.1429379097975,14.2386809218878
"D445",4.83511891637433,11.7979627893946,5.0924054184614,12.7193952578249,7.86066740539911,9.12373898577506
"D446",15.2627014933804,12.9945651896328,13.4946604066322,13.7632299670877,17.0848331948166,15.9933830320085
"D447",8.03173893597851,14.1874412153186,13.6220279044167,20.0856152514276,20.7524606319289,18.4807588986182
"D448",8.58198046350419,10.6654771689032,5.93538530671067,13.006095904269,15.3441283589067,9.25559831884927
"D449",10.7221998755639,12.9709535353834,8.96944520410809,13.3751769106475,12.2244586838505,14.1693393683158
"D450",4.26708920698999,8.35285479733165,7.20519779705644,8.58610284008085,7.06742267007271,8.78372964006936
"D451",9.87727183942648,12.9038828669954,13.4124259942112,8.33882535500521,11.3941489142145,13.265901160732
"D452",8.27191561968922,13.0804135404475,7.5735102013486,17.7114969251872,17.8533923680395,13.6738546187345
"D453",11.7532863702067,13.4645127892464,14.2708693351838,16.5398968270221,15.6367574618373,14.1049096094133
"D454",9.29283690034631,9.50443010466529,8.67123352534312,16.3006031818978,16.0992709870701,12.2400564281415
"D455",12.8997484449557,13.8620090266477,11.5503519722634,17.0570985527803,14.5206638829419,12.2403443896625
"D456",11.8625669334232,15.2606128970019,9.75436699099936,18.5851772743862,13.425079650374,12.0058590330405
"D457",11.6539589007861,13.1964171198881,17.3747035377305,11.7234900022409,11.2753631701196,13.702949718225
"D458",11.3155855484751,11.6953722536073,11.3314410278708,19.4170038079293,16.2018643584377,16.4169263513508
"D459",12.6438950889675,16.8504032345489,14.3572363867149,11.2809578932713,11.0223677041366,16.0431285763555
"D460",8.99954886969764,10.3619761794354,6.76476868367751,12.6050639530777,10.7590366990962,13.9007530736665
"D461",5.65007876637348,11.9346711979704,9.68865008997114,17.8741268871286,18.5507450677355,10.880747253279
"D462",8.32028186068139,12.5042542785676,12.8864677429953,18.9749735490253,19.6802935555109,18.830476132973
"D463",5.70818092093736,8.75229114371689,8.87535705839178,10.1088642427853,13.2179768104835,12.0296876900845
"D464",12.05216803464,14.0817134617997,15.0203885170567,15.9742759513724,17.326162456877,13.6033352218295
"D465",10.1244945569853,14.5662816424254,14.3092278352456,16.1449740847803,15.3210476238321,11.7676337858128
"D466",12.0034407454644,12.7185734237196,12.000759329941,12.0144713118651,12.2669196332908,11.2240115847957
"D467",3.60957755761424,9.56816940942566,3.76314030354981,17.746402318158,10.6330311218151,12.2885298478295
"D468",6.57527320648521,11.1184591291016,9.4902086141932,16.8950576898564,17.5311086772593,19.7230236833451
"D469",7.02508047268594,11.871880551571,10.0053705607901,9.71871898435679,7.41973336211987,9.10175882368427
"D470",6.11352632758188,10.8608642379576,9.40097301738036,14.5614055286624,18.1711480086753,11.4233049193869
"D471",17.2737298166508,19.0164160390864,19.3024897356894,12.1492614246099,14.3005160183707,11.0371839573499
"D472",12.3360672794642,16.9958872298571,12.7658732674956,23.7931371305939,21.0494064900688,23.0151334360324
"D473",9.2445312009507,8.67181983139637,9.89867389501408,14.4552309376571,15.6692194976514,11.6374972078022
"D474",11.0761098877316,13.3463321365088,14.6018978544479,16.126731471768,13.5941950904739,14.8544185873214
"D475",6.85563697717242,9.90707035678362,8.49581356813307,12.6626064739512,13.7532814083843,13.9522189673471
"D476",8.84512645757561,6.88860893395053,11.1930111807286,19.4446553289738,18.3714599230105,21.1442051062315
"D477",12.424578440312,16.0232355054045,14.9262255352455,10.061733678615,9.64736920154967,5.3889843643602
"D478",12.8467959043109,12.5675000995651,11.7278602021011,16.6459794864191,12.1541819705671,11.1279334266573
"D479",8.89802490133792,10.2232974585552,8.88454370919891,8.34671827085077,7.18369621341438,6.91392118293915
"D480",14.7977393286469,13.2046131693534,16.1281274501551,19.2234185908617,12.2840200752313,13.7641372850187
"D481",10.1286140264534,8.56564616536851,11.6831023588484,15.0321760651603,15.3115458162475,15.7202544406435
"D482",11.6754141867919,13.9859355531243,14.2101631234987,17.4221969820844,14.9442937637758,14.9159753811237
"D483",8.29508539899545,9.63695874910088,8.86822228977572,9.86679195278304,8.65677544788222,7.73557219877243
"D484",9.62898548016534,12.7810099569496,12.471024605651,14.0665072840416,10.148000813206,13.6595028978274
"D485",13.8658128428201,11.7885847597252,13.0529659818808,16.8538189216595,14.6687568694204,13.2470097701705
"D486",8.84298895160069,10.7812880517226,6.21568329414645,19.0438948080022,11.7866917464095,12.1331120728756
"D487",11.7688683279448,11.388938352223,12.4481368278132,11.7435714152433,12.542178007212,11.4923280427419
"D488",12.6382399305973,13.3124272667097,10.5667653251475,16.9953256883523,14.0420709390897,11.1328209500435
"D489",10.1935592285342,13.7910379767646,9.16892958924692,11.7016100521303,10.0215991645215,13.0505081987622
"D490",5.63123826633621,12.9066924383394,3.82464890288129,12.8288754010919,10.3197002158136,9.60712137418273
"D491",8.91288681751367,11.3860567367953,11.9239010408126,17.5202155931368,19.0214772950165,12.5397196672688
"D492",10.3359429894083,13.6416718591359,5.20314314983312,12.6337119519556,11.3200413870145,7.8281955525226
"D493",7.35993511120296,9.44630421999361,10.1185722638219,11.4559304370501,9.90608361719799,8.23132380947146
"D494",9.81441969702883,10.9638175974369,11.0127144324933,21.939536389968,21.058502855015,17.2300261143536
"D495",9.27012023183427,10.3425133691067,12.3535750469914,16.0195532167122,16.3890888035927,11.8024690966951
"D496",6.90426162241681,10.5023047225611,7.50807185400245,14.1330757044398,12.3348962956483,9.74942051874886
"D497",10.8419046619337,14.323839963946,12.8500410388232,13.9558477682745,17.4069975402674,12.0612053801072
"D498",14.3468632756182,13.8018704511591,20.4046407157445,16.5894271488812,12.7428662837848,14.2919693346464
"D499",14.4501264898403,15.0309042662649,13.5547349612491,15.1533612936647,16.1501187652541,20.1387499983522
"D500",10.9570790490195,15.8248690009969,10.6337540945738,10.2148161452004,8.34526019187879,8.08604105136531
