student,sound,score
S01,Silence,8
S02,Silence,9
S03,Silence,9
S04,Silence,11
S05,Silence,12
S06,Silence,13
S07,Silence,13
S08,Silence,14
S09,Silence,15
S10,Silence,16
S11,Instrumental music,6
S12,Instrumental music,8
S13,Instrumental music,8
S14,Instrumental music,9
S15,Instrumental music,9
S16,Instrumental music,11
S17,Instrumental music,11
S18,Instrumental music,12
S19,Instrumental music,12
S20,Instrumental music,14
S21,Music with lyrics,4
S22,Music with lyrics,5
S23,Music with lyrics,6
S24,Music with lyrics,7
S25,Music with lyrics,8
S26,Music with lyrics,8
S27,Music with lyrics,9
S28,Music with lyrics,10
S29,Music with lyrics,11
S30,Music with lyrics,12
