id,higher,pass,final_grade
U001,yes,No,6
U002,yes,No,6
U003,yes,Yes,10
U004,yes,Yes,15
U005,yes,Yes,10
U006,yes,Yes,15
U007,yes,Yes,11
U008,yes,No,6
U009,yes,Yes,19
U010,yes,Yes,15
U011,yes,No,9
U012,yes,Yes,12
U013,yes,Yes,14
U014,yes,Yes,11
U015,yes,Yes,16
U016,yes,Yes,14
U017,yes,Yes,14
U018,yes,Yes,10
U019,yes,No,5
U020,yes,Yes,10
U021,yes,Yes,15
U022,yes,Yes,15
U023,yes,Yes,16
U024,yes,Yes,12
U025,yes,No,8
U026,yes,No,8
U027,yes,Yes,11
U028,yes,Yes,15
U029,yes,Yes,11
U030,yes,Yes,11
U031,yes,Yes,12
U032,yes,Yes,17
U033,yes,Yes,16
U034,yes,Yes,12
U035,yes,Yes,15
U036,yes,No,6
U037,yes,Yes,18
U038,yes,Yes,15
U039,yes,Yes,11
U040,yes,Yes,13
U041,yes,Yes,11
U042,yes,Yes,12
U043,yes,Yes,18
U044,yes,Yes,11
U045,yes,No,9
U046,yes,No,6
U047,yes,Yes,11
U048,yes,Yes,20
U049,yes,Yes,14
U050,yes,No,7
U051,yes,Yes,13
U052,yes,Yes,13
U053,yes,Yes,10
U054,yes,Yes,11
U055,yes,Yes,13
U056,yes,Yes,10
U057,yes,Yes,15
U058,yes,Yes,15
U059,yes,No,9
U060,yes,Yes,16
U061,yes,Yes,11
U062,yes,Yes,11
U063,yes,No,9
U064,yes,No,9
U065,yes,Yes,10
U066,yes,Yes,15
U067,yes,Yes,12
U068,yes,No,6
U069,yes,No,8
U070,yes,Yes,16
U071,yes,Yes,15
U072,yes,Yes,10
U073,yes,No,5
U074,yes,Yes,14
U075,yes,Yes,11
U076,yes,Yes,10
U077,yes,Yes,10
U078,yes,Yes,11
U079,no,Yes,10
U080,yes,No,5
U081,yes,Yes,12
U082,yes,Yes,11
U083,yes,No,6
U084,yes,Yes,15
U085,yes,Yes,10
U086,yes,No,8
U087,yes,No,6
U088,yes,Yes,14
U089,yes,Yes,10
U090,yes,No,7
U091,yes,No,8
U092,yes,Yes,18
U093,yes,No,6
U094,yes,Yes,10
U095,yes,Yes,14
U096,yes,Yes,10
U097,yes,Yes,15
U098,yes,Yes,10
U099,yes,Yes,14
U100,yes,No,8
U101,yes,No,5
U102,yes,Yes,17
U103,yes,Yes,14
U104,yes,No,6
U105,yes,Yes,18
U106,yes,Yes,11
U107,yes,No,8
U108,yes,Yes,18
U109,yes,Yes,13
U110,yes,Yes,16
U111,yes,Yes,19
U112,yes,Yes,10
U113,yes,Yes,13
U114,yes,Yes,19
U115,yes,No,9
U116,yes,Yes,16
U117,yes,Yes,14
U118,yes,Yes,13
U119,yes,No,8
U120,yes,Yes,13
U121,yes,Yes,15
U122,yes,Yes,15
U123,yes,Yes,13
U124,yes,Yes,13
U125,yes,No,8
U126,yes,Yes,12
U127,yes,Yes,11
U128,no,No,9
U129,yes,No,0
U130,yes,Yes,18
U131,yes,No,0
U132,yes,No,0
U133,yes,Yes,12
U134,yes,Yes,11
U135,yes,No,0
U136,yes,No,0
U137,yes,No,0
U138,yes,No,0
U139,yes,Yes,12
U140,yes,Yes,15
U141,yes,No,0
U142,yes,No,9
U143,yes,Yes,11
U144,yes,Yes,13
U145,yes,No,0
U146,yes,Yes,11
U147,yes,No,0
U148,yes,Yes,11
U149,no,No,0
U150,yes,Yes,10
U151,no,No,0
U152,yes,Yes,14
U153,yes,Yes,10
U154,no,No,0
U155,yes,Yes,12
U156,yes,No,8
U157,yes,Yes,13
U158,yes,Yes,10
U159,yes,Yes,15
U160,yes,Yes,12
U161,no,No,0
U162,yes,No,7
U163,yes,No,0
U164,no,Yes,10
U165,no,No,7
U166,no,Yes,12
U167,no,Yes,10
U168,yes,Yes,16
U169,yes,No,0
U170,yes,Yes,14
U171,yes,No,0
U172,yes,Yes,16
U173,yes,Yes,10
U174,yes,No,0
U175,yes,No,9
U176,yes,No,9
U177,yes,Yes,11
U178,yes,No,6
U179,yes,No,9
U180,yes,Yes,11
U181,yes,No,8
U182,yes,Yes,12
U183,yes,Yes,17
U184,yes,No,8
U185,yes,Yes,12
U186,yes,Yes,11
U187,yes,Yes,11
U188,yes,Yes,15
U189,yes,No,9
U190,yes,Yes,10
U191,yes,Yes,13
U192,yes,No,9
U193,yes,No,8
U194,yes,Yes,10
U195,yes,Yes,14
U196,yes,Yes,15
U197,yes,Yes,16
U198,yes,Yes,10
U199,yes,Yes,18
U200,yes,Yes,10
U201,yes,Yes,16
U202,yes,Yes,10
U203,yes,Yes,10
U204,yes,No,6
U205,yes,Yes,11
U206,yes,No,9
U207,yes,No,7
U208,yes,Yes,13
U209,yes,Yes,10
U210,yes,No,7
U211,yes,No,8
U212,yes,Yes,13
U213,yes,Yes,14
U214,yes,No,8
U215,yes,Yes,10
U216,yes,Yes,15
U217,yes,No,4
U218,yes,No,8
U219,yes,No,8
U220,yes,Yes,10
U221,yes,No,6
U222,yes,No,0
U223,yes,Yes,17
U224,yes,Yes,13
U225,yes,Yes,14
U226,yes,No,7
U227,yes,Yes,15
U228,yes,Yes,12
U229,yes,No,9
U230,yes,Yes,12
U231,yes,Yes,14
U232,yes,Yes,11
U233,yes,No,9
U234,yes,Yes,13
U235,yes,No,6
U236,yes,Yes,10
U237,yes,Yes,13
U238,yes,Yes,12
U239,yes,Yes,11
U240,no,No,0
U241,yes,Yes,12
U242,yes,Yes,12
U243,yes,No,0
U244,yes,Yes,12
U245,yes,No,0
U246,yes,Yes,18
U247,yes,Yes,13
U248,no,No,8
U249,yes,No,5
U250,yes,Yes,15
U251,no,No,8
U252,yes,Yes,10
U253,no,No,8
U254,yes,No,8
U255,yes,Yes,12
U256,yes,No,8
U257,yes,Yes,13
U258,yes,Yes,11
U259,yes,Yes,14
U260,yes,No,0
U261,yes,Yes,18
U262,yes,No,8
U263,yes,Yes,12
U264,yes,No,9
U265,yes,No,0
U266,yes,Yes,17
U267,yes,Yes,10
U268,yes,Yes,11
U269,yes,Yes,10
U270,no,No,0
U271,yes,No,9
U272,yes,Yes,14
U273,yes,Yes,11
U274,yes,Yes,14
U275,yes,Yes,10
U276,yes,Yes,12
U277,no,No,9
U278,yes,No,9
U279,yes,No,8
U280,yes,Yes,10
U281,yes,No,8
U282,yes,Yes,10
U283,yes,Yes,12
U284,yes,Yes,10
U285,yes,Yes,11
U286,yes,Yes,11
U287,yes,Yes,19
U288,yes,Yes,12
U289,yes,Yes,14
U290,yes,Yes,15
U291,yes,Yes,11
U292,yes,Yes,15
U293,yes,Yes,13
U294,yes,Yes,18
U295,yes,Yes,14
U296,yes,Yes,11
U297,yes,No,0
U298,yes,No,8
U299,yes,Yes,14
U300,yes,Yes,16
U301,yes,Yes,11
U302,yes,Yes,10
U303,yes,Yes,14
U304,yes,Yes,18
U305,yes,Yes,13
U306,yes,Yes,12
U307,yes,Yes,18
U308,yes,No,8
U309,yes,Yes,12
U310,yes,Yes,10
U311,yes,No,0
U312,no,Yes,13
U313,yes,Yes,11
U314,yes,Yes,11
U315,yes,Yes,13
U316,yes,Yes,11
U317,yes,No,0
U318,yes,No,9
U319,yes,Yes,10
U320,yes,Yes,11
U321,yes,Yes,13
U322,yes,No,9
U323,yes,Yes,11
U324,yes,Yes,15
U325,yes,Yes,15
U326,yes,Yes,11
U327,yes,Yes,16
U328,yes,Yes,10
U329,yes,No,9
U330,yes,Yes,14
U331,yes,No,8
U332,yes,Yes,14
U333,yes,No,0
U334,yes,No,0
U335,yes,No,0
U336,yes,Yes,15
U337,yes,Yes,13
U338,yes,No,0
U339,yes,Yes,17
U340,yes,Yes,10
U341,yes,Yes,11
U342,yes,No,0
U343,yes,Yes,15
U344,yes,No,0
U345,yes,Yes,10
U346,yes,Yes,14
U347,yes,Yes,16
U348,yes,No,9
U349,yes,Yes,15
U350,yes,Yes,13
U351,yes,No,8
U352,yes,Yes,13
U353,no,No,8
U354,yes,No,8
U355,yes,Yes,11
U356,yes,No,9
U357,yes,Yes,13
U358,yes,Yes,11
U359,yes,Yes,10
U360,yes,Yes,16
U361,yes,Yes,13
U362,no,Yes,12
U363,yes,Yes,10
U364,yes,Yes,15
U365,yes,Yes,12
U366,yes,Yes,10
U367,yes,Yes,13
U368,yes,No,0
U369,yes,Yes,10
U370,yes,Yes,11
U371,yes,No,9
U372,no,Yes,12
U373,yes,Yes,11
U374,yes,No,5
U375,yes,Yes,19
U376,yes,Yes,10
U377,yes,Yes,15
U378,yes,Yes,10
U379,yes,Yes,15
U380,yes,Yes,10
U381,yes,Yes,14
U382,yes,No,7
U383,yes,Yes,10
U384,yes,No,0
U385,yes,No,5
U386,yes,Yes,10
U387,yes,No,6
U388,yes,No,0
U389,yes,No,8
U390,yes,No,0
U391,yes,No,9
U392,yes,Yes,16
U393,yes,No,7
U394,yes,Yes,10
U395,yes,No,9
